City_ID,City,Country,Date,Lat,Lng,Max Temp,Humidity,Cloudiness,Wind Speed
0,Puerto Narino,CO,2022-05-19 03:29:47,-3.7703,-70.3831,67.57,97,100,2.28
1,Hami,CN,2022-05-19 03:29:47,42.8,93.45,83.7,14,50,8.79
2,Sioux Lookout,CA,2022-05-19 03:29:48,50.1001,-91.917,46.47,93,75,4.61
3,Port Alfred,ZA,2022-05-19 03:29:48,-33.5906,26.891,62.19,83,65,1.99
4,Severodvinsk,RU,2022-05-19 03:29:48,64.5635,39.8302,37.51,89,100,12.3
5,Khatanga,RU,2022-05-19 03:29:49,71.9667,102.5,32.95,99,100,4.5
6,Bluff,NZ,2022-05-19 03:29:49,-46.6,168.3333,52.81,70,54,29.15
7,Mataura,NZ,2022-05-19 03:29:50,-46.1927,168.8643,52.48,61,15,11.59
8,Lebu,CL,2022-05-19 03:29:50,-37.6167,-73.65,51.91,86,100,16.02
9,Bredasdorp,ZA,2022-05-19 03:28:10,-34.5322,20.0403,57.61,70,98,15.55
10,Coffs Harbour,AU,2022-05-19 03:29:51,-30.3,153.1333,67.14,45,100,10.36
11,Henties Bay,NA,2022-05-19 03:29:51,-22.116,14.2845,60.04,93,34,4.92
12,Noumea,NC,2022-05-19 03:29:52,-22.2763,166.4572,82.99,99,25,13.58
13,Sao Joao Da Barra,BR,2022-05-19 03:28:59,-21.6403,-41.0511,63.16,45,0,21.88
14,Kaitangata,NZ,2022-05-19 03:29:52,-46.2817,169.8464,56.88,51,36,15.82
15,Beloha,MG,2022-05-19 03:29:53,-25.1667,45.05,62.82,80,0,7.36
16,Agadez,NE,2022-05-19 03:29:53,19.75,10.25,82.33,17,27,9.78
17,Cherskiy,RU,2022-05-19 03:29:54,68.75,161.3,45.09,80,99,7.09
18,Syracuse,IT,2022-05-19 03:29:54,37.0881,15.2792,62.31,64,0,7.76
19,Albany,US,2022-05-19 03:29:54,42.6001,-73.9662,56.57,64,100,1.01
20,Sisimiut,GL,2022-05-19 03:29:55,66.9395,-53.6735,35.8,60,0,8.66
21,San Policarpo,PH,2022-05-19 03:29:55,12.1791,125.5072,83.39,76,95,8.9
22,Bambous Virieux,MU,2022-05-19 03:29:56,-20.3428,57.7575,73.65,83,75,14.97
23,Pisco,PE,2022-05-19 03:29:56,-13.7,-76.2167,63.01,82,80,2.3
24,Vaini,TO,2022-05-19 03:29:56,-21.2,-175.2,78.96,73,75,9.22
25,Port Elizabeth,ZA,2022-05-19 03:29:57,-33.918,25.5701,65.32,83,0,13.8
26,Dikson,RU,2022-05-19 03:29:57,73.5069,80.5464,30.94,95,99,15.64
27,Ushuaia,AR,2022-05-19 03:28:50,-54.8,-68.3,42.46,81,75,2.3
28,Punta Arenas,CL,2022-05-19 03:29:58,-53.15,-70.9167,41.11,93,0,11.5
29,Andra,RU,2022-05-19 03:29:58,62.5147,65.8878,45.59,81,100,7.9
30,Yellowknife,CA,2022-05-19 03:29:59,62.456,-114.3525,45.12,29,20,13.8
31,Avarua,CK,2022-05-19 03:29:59,-21.2078,-159.775,80.65,83,75,3.44
32,New Norfolk,AU,2022-05-19 03:29:59,-42.7826,147.0587,56.66,54,89,1.99
33,Cape Town,ZA,2022-05-19 03:30:00,-33.9258,18.4232,56.12,89,75,1.14
34,Troitskoye,RU,2022-05-19 03:30:01,52.9821,84.6757,78.08,36,100,7.96
35,Kapaa,US,2022-05-19 03:30:02,22.0752,-159.319,73.38,96,75,17.27
36,Kochinda,IN,2022-05-19 03:30:02,21.7333,84.35,93.67,38,92,7.54
37,Tuatapere,NZ,2022-05-19 03:30:03,-46.1333,167.6833,50.95,73,55,14.83
38,Bathsheba,BB,2022-05-19 03:30:04,13.2167,-59.5167,81.21,83,20,11.5
39,Saskylakh,RU,2022-05-19 03:30:05,71.9167,114.0833,26.78,90,17,11.56
40,Rikitea,PF,2022-05-19 03:30:06,-23.1203,-134.9692,76.57,78,100,13.53
41,Serpa,PT,2022-05-19 03:30:07,37.9458,-7.5975,57.16,71,16,6.08
42,Nelson Bay,AU,2022-05-19 03:29:27,-32.7167,152.15,64.11,55,46,3.0
43,Zhuanghe,CN,2022-05-19 03:30:08,39.7008,122.9911,68.45,55,100,9.28
44,Cidreira,BR,2022-05-19 03:30:10,-30.1811,-50.2056,57.67,81,37,15.05
45,Pajarito,CO,2022-05-19 03:30:10,5.2929,-72.7028,67.8,100,100,0.43
46,Anadyr,RU,2022-05-19 03:30:11,64.75,177.4833,45.1,70,40,8.95
47,Victoria,HK,2022-05-19 03:30:11,22.2855,114.1577,82.45,54,97,5.99
48,Tiksi,RU,2022-05-19 03:31:12,71.6872,128.8694,30.13,89,100,12.3
49,Severo-Kurilsk,RU,2022-05-19 03:31:12,50.6789,156.125,46.13,82,99,8.84
50,Chenghai,CN,2022-05-19 03:31:13,23.4632,116.768,84.11,39,0,4.47
51,Esperance,AU,2022-05-19 03:31:13,-33.8667,121.9,66.85,66,50,6.46
52,Nanortalik,GL,2022-05-19 03:31:13,60.1432,-45.2371,35.42,85,8,2.62
53,Takoradi,GH,2022-05-19 03:31:14,4.8845,-1.7554,78.44,88,47,9.13
54,Meulaboh,ID,2022-05-19 03:31:14,4.1363,96.1285,84.74,66,100,3.47
55,Severobaykalsk,RU,2022-05-19 03:31:15,55.65,109.3167,45.41,82,100,1.25
56,Hilo,US,2022-05-19 03:31:15,19.7297,-155.09,89.28,77,0,13.8
57,Saint Cloud,US,2022-05-19 03:31:15,45.5608,-94.1625,64.4,52,0,11.5
58,Cayenne,GF,2022-05-19 03:30:06,4.9333,-52.3333,74.08,1,75,2.3
59,King City,US,2022-05-19 03:31:16,36.2127,-121.126,72.27,33,3,8.08
60,Tavrichanka,RU,2022-05-19 03:31:16,43.3378,131.8639,71.46,60,44,14.74
61,Nadym,RU,2022-05-19 03:31:17,65.5333,72.5167,44.42,85,100,18.7
62,Hermanus,ZA,2022-05-19 03:31:17,-34.4187,19.2345,54.81,69,78,15.17
63,Lorengau,PG,2022-05-19 03:29:19,-2.0226,147.2712,86.79,63,9,8.19
64,Oyama,JP,2022-05-19 03:31:18,36.3,139.8,78.58,20,20,5.91
65,Lagoa,PT,2022-05-19 03:31:18,39.05,-27.9833,57.87,75,92,28.34
66,Bria,CF,2022-05-19 03:31:19,6.5423,21.9863,71.31,90,100,2.21
67,Pingliang,CN,2022-05-19 03:31:19,35.5392,106.6861,72.97,35,89,4.09
68,Touros,BR,2022-05-19 03:31:19,-5.1989,-35.4608,77.68,87,69,6.64
69,Mahuva,IN,2022-05-19 03:31:20,21.0914,71.7622,88.93,43,1,5.08
70,Mount Gambier,AU,2022-05-19 03:31:20,-37.8333,140.7667,58.08,57,82,5.95
71,Cadillac,US,2022-05-19 03:31:21,44.2519,-85.4012,51.71,87,100,5.75
72,Longyearbyen,SJ,2022-05-19 03:31:21,78.2186,15.6401,28.24,74,75,8.05
73,Dingle,PH,2022-05-19 03:31:21,10.9995,122.6711,88.34,64,68,9.04
74,Alofi,NU,2022-05-19 03:31:22,-19.0595,-169.9187,78.69,89,75,11.5
75,Kadyy,RU,2022-05-19 03:31:22,57.787,43.1903,37.51,89,78,9.84
76,Alto Araguaia,BR,2022-05-19 03:31:23,-17.3147,-53.2153,43.29,66,30,4.27
77,Smithers,CA,2022-05-19 03:30:09,54.7804,-127.1743,48.52,61,75,6.91
78,Quatre Cocos,MU,2022-05-19 03:27:30,-20.2078,57.7625,73.51,74,27,16.08
79,Bengkulu,ID,2022-05-19 03:31:24,-3.8004,102.2655,84.36,67,27,4.99
80,Cabo San Lucas,MX,2022-05-19 03:27:56,22.8909,-109.9124,79.9,77,100,10.0
81,Manthani,IN,2022-05-19 03:31:24,18.65,79.6667,87.8,59,100,8.41
82,Naze,JP,2022-05-19 03:31:25,28.3667,129.4833,77.92,72,100,13.49
83,Provideniya,RU,2022-05-19 03:29:17,64.3833,-173.3,33.91,93,100,6.71
84,Norman Wells,CA,2022-05-19 03:31:25,65.282,-126.8329,41.04,87,100,9.22
85,Geneva,US,2022-05-19 03:31:26,41.8875,-88.3054,58.86,86,40,6.91
86,Dodge City,US,2022-05-19 03:28:07,37.7528,-100.0171,76.24,54,0,6.91
87,Vanavara,RU,2022-05-19 03:29:12,60.34,102.2797,56.93,57,71,12.59
88,Torbay,CA,2022-05-19 03:31:26,47.6666,-52.7314,46.58,93,40,16.11
89,Nador,MA,2022-05-19 03:31:27,35.174,-2.9287,68.25,88,100,3.44
90,Kuytun,RU,2022-05-19 03:31:27,54.3419,101.5036,75.6,36,98,7.58
91,Moose Factory,CA,2022-05-19 03:31:28,51.2585,-80.6094,44.58,76,75,4.61
92,Mabaruma,GY,2022-05-19 03:31:28,8.2,-59.7833,72.32,92,85,1.97
93,East London,ZA,2022-05-19 03:31:28,-33.0153,27.9116,61.74,72,0,3.44
94,Georgetown,MY,2022-05-19 03:30:33,5.4112,100.3354,89.55,57,20,5.01
95,Busselton,AU,2022-05-19 03:31:29,-33.65,115.3333,67.48,70,61,11.88
96,Jamestown,US,2022-05-19 03:28:37,42.097,-79.2353,51.03,94,100,6.91
97,Carlyle,US,2022-05-19 03:32:30,38.6103,-89.3726,71.51,86,0,6.87
98,Mahebourg,MU,2022-05-19 03:31:35,-20.4081,57.7,73.69,83,75,14.97
99,Ambilobe,MG,2022-05-19 03:32:30,-13.2,49.05,68.86,77,15,3.2
100,San Antonio,US,2022-05-19 03:27:37,29.4241,-98.4936,84.81,66,0,20.71
101,San Lorenzo,PY,2022-05-19 03:32:31,-25.3333,-57.5333,56.59,67,75,5.01
102,Batangafo,CF,2022-05-19 03:32:31,7.3008,18.2833,70.41,87,85,3.69
103,Comodoro Rivadavia,AR,2022-05-19 03:30:01,-45.8667,-67.5,35.46,69,0,3.44
104,Kodiak,US,2022-05-19 03:32:13,57.79,-152.4072,62.11,27,0,4.9
105,Progreso,MX,2022-05-19 03:32:32,21.2833,-89.6667,82.51,78,37,11.61
106,Fukue,JP,2022-05-19 03:32:33,32.6881,128.8419,71.96,43,0,4.61
107,Olinda,BR,2022-05-19 03:32:31,-8.0089,-34.8553,82.13,74,20,4.61
108,Hithadhoo,MV,2022-05-19 03:32:33,-0.6,73.0833,83.23,75,100,12.57
109,Cotonou,BJ,2022-05-19 03:32:34,6.3654,2.4183,82.38,83,40,9.22
110,Lavrentiya,RU,2022-05-19 03:27:34,65.5833,-171.0,33.84,99,89,4.97
111,Constitucion,CL,2022-05-19 03:32:34,-35.3333,-72.4167,52.38,88,100,13.6
112,Faanui,PF,2022-05-19 03:28:07,-16.4833,-151.75,79.75,76,83,6.82
113,Kosh-Agach,RU,2022-05-19 03:32:35,50.0,88.6667,65.32,23,0,3.96
114,Tura,IN,2022-05-19 03:32:35,25.5198,90.2201,81.1,83,14,3.53
115,Yongchang,CN,2022-05-19 03:32:36,30.0381,119.7317,64.4,74,100,2.39
116,Moerai,PF,2022-05-19 03:32:36,-22.4333,-151.3333,78.67,74,3,10.0
117,Nouadhibou,MR,2022-05-19 03:27:38,20.931,-17.0347,66.18,88,40,18.41
118,Vardo,NO,2022-05-19 03:32:37,70.3705,31.1107,33.78,69,100,23.02
119,Banyo,CM,2022-05-19 03:32:37,6.75,11.8167,65.8,97,100,0.85
120,Lompoc,US,2022-05-19 03:32:38,34.6391,-120.4579,64.02,72,0,6.91
121,Awbari,LY,2022-05-19 03:32:38,26.5921,12.7805,72.97,18,0,7.11
122,Atuona,PF,2022-05-19 03:32:38,-9.8,-139.0333,78.28,70,67,11.68
123,Lata,PT,2022-05-19 03:32:39,40.1629,-8.3327,53.92,89,35,2.55
124,Eyl,SO,2022-05-19 03:32:39,7.9803,49.8164,83.91,59,52,19.24
125,Puerto Ayora,EC,2022-05-19 03:32:40,-0.7393,-90.3518,73.54,97,90,6.4
126,Oxapampa,PE,2022-05-19 03:32:40,-10.5775,-75.4017,55.89,99,100,0.27
127,Kavieng,PG,2022-05-19 03:32:40,-2.5744,150.7967,84.76,69,6,6.67
128,Qaanaaq,GL,2022-05-19 03:32:41,77.484,-69.3632,25.84,92,100,1.9
129,Thompson,CA,2022-05-19 03:32:41,55.7435,-97.8558,37.56,60,20,4.61
130,Saint Anthony,US,2022-05-19 03:32:42,45.0205,-93.218,64.65,69,0,5.75
131,Cuenca,EC,2022-05-19 03:30:05,-2.8833,-78.9833,57.33,88,100,4.61
132,Cuamba,MZ,2022-05-19 03:32:43,-14.8031,36.5372,60.58,87,54,1.32
133,Erlangen,DE,2022-05-19 03:28:55,49.5897,11.0039,57.42,73,0,6.91
134,Hobart,AU,2022-05-19 03:30:26,-42.8794,147.3294,57.02,56,40,17.27
135,Burnie,AU,2022-05-19 03:32:43,-41.0667,145.9167,56.95,63,58,12.06
136,Rawson,AR,2022-05-19 03:32:44,-43.3002,-65.1023,50.52,36,100,13.89
137,Berlevag,NO,2022-05-19 03:32:44,70.8578,29.0864,33.8,75,100,14.97
138,Nantucket,US,2022-05-19 03:32:45,41.2835,-70.0995,57.31,82,0,10.36
139,Luganville,VU,2022-05-19 03:32:45,-15.5333,167.1667,82.18,76,100,8.52
140,Pestovo,RU,2022-05-19 03:32:45,58.5938,35.8024,43.63,82,91,7.72
141,Iqaluit,CA,2022-05-19 03:29:24,63.7506,-68.5145,26.33,86,100,5.75
142,Pevek,RU,2022-05-19 03:32:46,69.7008,170.3133,31.95,99,100,2.28
143,Flagstaff,US,2022-05-19 03:30:01,35.1981,-111.6513,63.59,25,0,11.5
144,Arraial Do Cabo,BR,2022-05-19 03:33:47,-22.9661,-42.0278,66.22,59,2,23.26
145,Kinango,KE,2022-05-19 03:33:47,-4.1372,39.3153,73.51,90,54,4.59
146,Barreirinhas,BR,2022-05-19 03:33:47,-2.7469,-42.8264,76.19,92,100,2.24
147,Tuktoyaktuk,CA,2022-05-19 03:33:48,69.4541,-133.0374,32.0,93,100,11.5
148,Hokitika,NZ,2022-05-19 03:33:48,-42.7167,170.9667,55.62,74,89,19.86
149,Rotenburg,DE,2022-05-19 03:33:49,53.1167,9.4,64.81,82,100,7.18
150,Mar Del Plata,AR,2022-05-19 03:31:54,-38.0023,-57.5575,47.95,75,17,1.99
151,Padang,ID,2022-05-19 03:30:32,-0.9492,100.3543,86.05,56,69,3.89
152,Elizabeth City,US,2022-05-19 03:33:49,36.2946,-76.2511,67.01,83,0,8.05
153,Chuy,UY,2022-05-19 03:33:50,-33.6971,-53.4616,53.08,85,69,9.17
154,Dalby,AU,2022-05-19 03:33:50,-27.1833,151.2667,73.38,55,85,10.29
155,Weligama,LK,2022-05-19 03:33:51,5.9667,80.4167,81.54,87,29,11.56
156,Mega,ET,2022-05-19 03:33:51,4.05,38.3,57.07,96,88,11.83
157,Nevel,RU,2022-05-19 03:33:52,56.0209,29.9284,43.32,61,86,8.01
158,College,US,2022-05-19 03:33:52,64.8569,-147.8028,59.58,36,75,5.75
159,Dauphin,CA,2022-05-19 03:32:19,51.1494,-100.0502,48.34,71,0,2.3
160,Roma,US,2022-05-19 03:33:53,43.2128,-75.4557,52.72,68,100,1.01
161,Inta,RU,2022-05-19 03:33:53,66.0317,60.1659,37.18,59,71,11.83
162,Kawalu,ID,2022-05-19 03:29:03,-7.3817,108.2082,85.05,63,87,3.71
163,Luderitz,NA,2022-05-19 03:33:54,-26.6481,15.1594,58.98,92,62,8.48
164,Kaeo,NZ,2022-05-19 03:33:54,-35.1,173.7833,67.32,95,99,12.71
165,Chumikan,RU,2022-05-19 03:33:54,54.7183,135.315,36.77,88,98,6.51
166,Tilichiki,RU,2022-05-19 03:33:55,60.4667,166.1,35.74,84,100,4.65
167,Novyy Urengoy,RU,2022-05-19 03:31:29,66.0833,76.6333,43.77,73,100,15.48
168,Ha Tinh,VN,2022-05-19 03:33:56,18.3333,105.9,82.89,71,87,4.85
169,Bichena,ET,2022-05-19 03:33:56,10.45,38.2,59.4,25,32,1.86
170,Mangai,CD,2022-05-19 03:33:56,-4.05,19.5333,69.58,91,95,1.28
171,San Patricio,US,2022-05-19 03:33:57,28.017,-97.5169,80.49,87,44,14.52
172,Ponta Do Sol,PT,2022-05-19 03:33:57,32.6667,-17.1,69.01,80,95,2.53
173,Carnarvon,AU,2022-05-19 03:33:58,-24.8667,113.6333,74.71,47,23,5.59
174,Barrow,US,2022-05-19 03:30:02,71.2906,-156.7887,19.42,93,100,17.27
175,Khudumelapye,BW,2022-05-19 03:33:58,-23.8833,24.75,53.04,68,3,6.91
176,Saiha,IN,2022-05-19 03:33:59,22.4833,92.9667,88.7,50,11,3.29
177,Mehamn,NO,2022-05-19 03:33:17,71.0357,27.8492,33.75,75,75,12.66
178,Ilulissat,GL,2022-05-19 03:33:59,69.2167,-51.1,26.62,93,8,0.0
179,Nara,JP,2022-05-19 03:34:00,34.6851,135.8049,80.49,22,100,5.41
180,Butaritari,KI,2022-05-19 03:34:00,3.0707,172.7902,81.9,71,98,12.84
181,Port Hardy,CA,2022-05-19 03:34:01,50.6996,-127.4199,48.2,81,75,11.5
182,Aksarka,RU,2022-05-19 03:34:01,66.5606,67.7975,37.74,68,98,15.59
183,Mokhsogollokh,RU,2022-05-19 03:34:01,61.4681,128.9203,55.78,45,56,2.71
184,Upernavik,GL,2022-05-19 03:34:02,72.7868,-56.1549,12.72,100,50,5.86
185,Ambunti,PG,2022-05-19 03:34:02,-4.2365,142.8448,95.99,43,47,1.95
186,Dunedin,NZ,2022-05-19 03:29:26,-45.8742,170.5036,57.2,59,18,7.45
187,Ushtobe,KZ,2022-05-19 03:34:03,45.2514,77.9838,77.61,40,14,12.19
188,Nikolskoye,RU,2022-05-19 03:34:03,59.7035,30.7861,49.87,86,99,3.87
189,Waipawa,NZ,2022-05-19 03:34:04,-41.4122,175.5153,59.9,74,2,23.58
190,Tasiilaq,GL,2022-05-19 03:34:04,65.6145,-37.6368,37.56,93,100,4.05
191,Vallenar,CL,2022-05-19 03:34:05,-28.5708,-70.7581,54.23,77,96,6.26
192,Mandalgovi,MN,2022-05-19 03:35:05,45.7625,106.2708,70.03,19,89,8.95
193,Isangel,VU,2022-05-19 03:35:06,-19.55,169.2667,82.51,74,100,5.75
194,Kalmunai,LK,2022-05-19 03:35:06,7.4167,81.8167,87.71,61,9,14.32
195,Xining,CN,2022-05-19 03:35:07,36.6167,101.7667,63.09,38,100,3.06
196,Najran,SA,2022-05-19 03:35:07,17.4924,44.1277,72.25,17,4,2.77
197,Tigil,RU,2022-05-19 03:35:08,57.8,158.6667,56.05,52,100,11.36
198,Alice Springs,AU,2022-05-19 03:35:08,-23.7,133.8833,69.22,32,100,6.91
199,Leningradskiy,RU,2022-05-19 03:35:09,69.3833,178.4167,35.06,98,100,2.21
200,Nuuk,GL,2022-05-19 03:35:09,64.1835,-51.7216,30.81,93,100,9.22
201,Gobabis,NA,2022-05-19 03:35:10,-22.45,18.9667,52.52,46,4,11.25
202,Coquimbo,CL,2022-05-19 03:33:32,-29.9533,-71.3436,55.13,94,75,6.91
203,Deer Lake,CA,2022-05-19 03:35:10,49.1667,-57.4316,42.66,93,100,2.3
204,Bernburg,DE,2022-05-19 03:31:14,51.8,11.7333,59.47,81,42,6.98
205,Ketchikan,US,2022-05-19 03:33:12,55.3422,-131.6461,48.67,87,100,9.22
206,Kutum,SD,2022-05-19 03:35:12,14.2,24.6667,74.28,17,99,8.79
207,Dryden,CA,2022-05-19 03:33:05,49.7833,-92.7503,44.89,100,75,6.91
208,Olga,RU,2022-05-19 03:35:12,43.7444,135.2892,61.86,39,25,6.11
209,Weyburn,CA,2022-05-19 03:35:13,49.6668,-103.8511,48.42,76,100,8.05
210,Bonavista,CA,2022-05-19 03:33:57,48.6499,-53.1147,43.25,91,27,14.23
211,Honavar,IN,2022-05-19 03:35:13,14.2833,74.45,75.52,92,100,9.06
212,Ahipara,NZ,2022-05-19 03:35:14,-35.1667,173.1667,64.0,90,100,9.55
213,Bethel,US,2022-05-19 03:35:14,41.3712,-73.414,60.67,68,100,1.61
214,Mayo,US,2022-05-19 03:34:29,38.8876,-76.5119,66.31,76,100,11.5
215,Nongpoh,IN,2022-05-19 03:35:15,25.9,91.8833,79.18,71,34,3.56
216,Kavaratti,IN,2022-05-19 03:35:15,10.5669,72.642,83.79,78,100,16.24
217,Fayaoue,NC,2022-05-19 03:35:15,-20.65,166.5333,79.09,79,58,15.66
218,Mildura,AU,2022-05-19 03:35:16,-34.2,142.15,61.07,55,100,8.5
219,Half Moon Bay,US,2022-05-19 03:35:16,37.4636,-122.4286,73.31,76,0,29.93
220,Geraldton,AU,2022-05-19 03:35:17,-28.7667,114.6,70.21,68,75,4.61
221,Saldanha,ZA,2022-05-19 03:35:17,-33.0117,17.9442,57.25,72,33,11.1
222,Iguape,BR,2022-05-19 03:35:18,-24.7081,-47.5553,57.51,66,34,8.66
223,Xai-Xai,MZ,2022-05-19 03:35:18,-25.0519,33.6442,63.81,94,15,5.32
224,Marienburg,PL,2022-05-19 03:35:19,54.0359,19.0266,53.58,68,62,8.05
225,Pitelino,RU,2022-05-19 03:35:19,54.5777,41.8145,43.88,80,94,10.6
226,Houma,US,2022-05-19 03:34:41,29.5958,-90.7195,77.0,87,0,5.75
227,Polovinnoye,RU,2022-05-19 03:35:20,54.7914,65.9864,53.55,62,50,21.52
228,Sakaiminato,JP,2022-05-19 03:35:20,35.55,133.2333,80.58,24,75,14.97
229,Talnakh,RU,2022-05-19 03:35:21,69.4865,88.3972,33.21,82,100,7.11
230,Margate,GB,2022-05-19 03:35:21,51.3813,1.3862,61.3,91,100,1.01
231,Chapais,CA,2022-05-19 03:36:22,49.7834,-74.8492,42.58,89,43,5.46
232,Carutapera,BR,2022-05-19 03:36:22,-1.195,-46.02,75.52,94,100,2.04
233,Goderich,CA,2022-05-19 03:36:23,43.7501,-81.7165,52.12,82,100,5.75
234,Varhaug,NO,2022-05-19 03:36:23,58.6147,5.6457,48.88,92,100,9.13
235,Ahuimanu,US,2022-05-19 03:36:23,21.4447,-157.8378,78.51,80,40,9.22
236,Tulun,RU,2022-05-19 03:36:24,54.5611,100.5792,75.6,36,98,6.29
237,Hamilton,US,2022-05-19 03:35:24,39.1834,-84.5333,64.89,96,100,5.75
238,Jalu,LY,2022-05-19 03:36:24,29.0331,21.5482,66.51,63,0,11.52
239,Bejar,ES,2022-05-19 03:36:25,40.3864,-5.7634,62.58,63,7,2.91
240,Skorodnoye,RU,2022-05-19 03:36:25,51.071,37.2276,45.68,85,6,11.03
241,Rocha,UY,2022-05-19 03:36:26,-34.4833,-54.3333,48.96,89,17,6.53
242,Marawi,PH,2022-05-19 03:36:26,7.9986,124.2928,82.06,66,64,4.43
243,Faya,SA,2022-05-19 03:36:27,18.3851,42.4509,64.51,21,8,6.26
244,Xinzhi,CN,2022-05-19 03:36:27,36.4989,111.7047,81.32,19,27,7.36
245,Labuan,MY,2022-05-19 03:36:27,5.2767,115.2417,89.96,62,20,2.3
246,Eyrarbakki,IS,2022-05-19 03:36:28,63.863,-21.1481,46.45,89,99,11.61
247,Castro,BR,2022-05-19 03:36:28,-24.7911,-50.0119,42.49,93,94,10.71
248,Raudeberg,NO,2022-05-19 03:36:29,61.9875,5.1352,50.86,76,98,7.36
249,Dewa,IN,2022-05-19 03:36:29,27.0333,81.1667,91.4,11,39,8.77
250,Ribeira Grande,PT,2022-05-19 03:36:30,38.5167,-28.7,59.13,72,68,22.84
251,Pitimbu,BR,2022-05-19 03:36:30,-7.4706,-34.8086,75.79,82,78,5.12
252,Merauke,ID,2022-05-19 03:36:31,-8.4667,140.3333,84.78,65,5,11.92
253,Tecoanapa,MX,2022-05-19 03:36:31,16.5167,-98.75,80.89,69,2,5.28
254,Madang,PG,2022-05-19 03:36:31,-5.2246,145.7966,86.27,65,15,8.28
255,Atar,MR,2022-05-19 03:36:32,20.5169,-13.0499,78.49,18,77,7.16
256,Kirakira,SB,2022-05-19 03:36:32,-10.4544,161.9205,83.19,76,25,3.4
257,Darlowo,PL,2022-05-19 03:34:24,54.421,16.4107,52.54,59,95,11.92
258,Sobolevo,RU,2022-05-19 03:36:33,54.4299,31.8996,44.29,78,48,9.15
259,Saint-Philippe,RE,2022-05-19 03:36:33,-21.3585,55.7679,67.59,74,34,10.13
260,Kalmar,SE,2022-05-19 03:36:34,56.6616,16.3616,47.97,90,100,1.01
261,Sola,VU,2022-05-19 03:36:34,-13.8833,167.55,86.67,74,75,0.0
262,Buin,CL,2022-05-19 03:33:42,-33.7333,-70.75,58.05,85,100,2.17
263,Toamasina,MG,2022-05-19 03:36:35,-18.1667,49.3833,68.0,94,75,6.91
264,Cherniyiv,UA,2022-05-19 03:36:35,48.8566,24.7139,44.13,80,7,3.56
265,Champerico,GT,2022-05-19 03:36:35,14.3,-91.9167,82.62,75,72,5.37
266,La Paz,BO,2022-05-19 03:36:36,-16.5,-68.15,44.58,36,40,2.3
267,Sovetskiy,RU,2022-05-19 03:36:36,61.3614,63.5842,51.85,65,100,6.78
268,Korla,CN,2022-05-19 03:36:37,41.7597,86.1469,83.39,14,4,9.26
269,Ucluelet,CA,2022-05-19 03:34:38,48.9329,-125.5528,48.09,84,55,5.01
270,Leh,IN,2022-05-19 03:36:38,34.1667,77.5833,50.94,36,29,4.45
271,Purificacion,CO,2022-05-19 03:36:38,3.8587,-74.9313,71.17,92,100,1.21
272,Barda,AZ,2022-05-19 03:36:38,40.3744,47.1267,60.08,59,0,3.69
273,Dosso,NE,2022-05-19 03:36:39,13.049,3.1937,88.74,24,0,5.61
274,Matongo,TZ,2022-05-19 03:36:39,-2.3833,34.0833,60.26,79,65,4.23
275,Hudson Bay,CA,2022-05-19 03:36:40,52.85,-102.3842,42.66,85,87,3.31
276,Asau,RO,2022-05-19 03:36:40,46.4333,26.4,48.96,79,34,4.36
277,Mnogovershinnyy,RU,2022-05-19 03:37:40,53.9353,139.9242,37.08,80,99,4.63
278,Tornabe,HN,2022-05-19 03:37:41,15.75,-87.55,76.39,89,67,3.58
279,Uyemskiy,RU,2022-05-19 03:37:41,64.4743,40.8524,37.45,80,75,4.47
280,Shimoda,JP,2022-05-19 03:37:42,34.6667,138.95,77.11,63,78,6.35
281,Narsaq,GL,2022-05-19 03:37:42,60.9167,-46.05,37.62,83,17,1.88
282,Tacuarembo,UY,2022-05-19 03:35:26,-31.7333,-55.9833,43.02,92,0,5.21
283,Gedo,ET,2022-05-19 03:37:43,9.0167,37.45,54.3,82,100,1.7
284,Osorio,BR,2022-05-19 03:37:43,-29.8867,-50.2697,51.64,97,53,6.76
285,Roebourne,AU,2022-05-19 03:37:44,-20.7833,117.1333,80.17,63,0,8.79
286,Katsuura,JP,2022-05-19 03:37:44,35.1333,140.3,69.71,58,40,9.53
287,Naro Moru,KE,2022-05-19 03:37:45,-0.1676,37.0213,55.38,94,92,7.14
288,Hirara,JP,2022-05-19 03:37:45,24.8,125.2833,78.66,83,75,17.27
289,Skagen,DK,2022-05-19 03:37:46,57.7209,10.5839,53.89,96,100,6.11
290,Tautira,PF,2022-05-19 03:37:46,-17.7333,-149.15,80.01,75,70,11.21
291,Canto Do Buriti,BR,2022-05-19 03:37:46,-8.11,-42.9444,72.05,94,100,4.72
292,Mafinga,TZ,2022-05-19 03:37:47,-7.25,35.0667,58.21,79,100,2.51
293,Acapulco,MX,2022-05-19 03:37:47,16.8634,-99.8901,82.22,65,0,9.22
294,Seoul,KR,2022-05-19 03:36:56,37.5683,126.9778,76.39,39,0,10.36
295,Shahapur,IN,2022-05-19 03:37:48,19.45,73.3333,89.65,47,95,2.91
296,Port Moresby,PG,2022-05-19 03:35:38,-9.4431,147.1797,87.22,70,40,11.5
297,Camabatela,AO,2022-05-19 03:37:48,-8.1881,15.375,60.84,70,0,2.82
298,Fort Nelson,CA,2022-05-19 03:37:49,58.8053,-122.7002,56.79,23,40,8.05
299,Buala,SB,2022-05-19 03:37:49,-8.145,159.5921,83.37,74,40,3.65
300,Larap,PH,2022-05-19 03:37:50,14.299,122.6504,82.62,78,100,2.91
301,Nemuro,JP,2022-05-19 03:37:50,43.3236,145.575,48.47,87,83,13.73
302,Sao Filipe,CV,2022-05-19 03:37:51,14.8961,-24.4956,75.76,68,84,6.76
303,Akdepe,TM,2022-05-19 03:37:51,42.0551,59.3788,71.69,23,5,13.53
304,Kalispell,US,2022-05-19 03:37:52,48.1958,-114.3129,47.28,74,75,14.0
305,Kahului,US,2022-05-19 03:37:52,20.8947,-156.47,80.62,70,20,9.22
306,Nacala,MZ,2022-05-19 03:37:52,-14.5428,40.6728,69.76,94,33,5.44
307,Airai,TL,2022-05-19 03:37:53,-8.9266,125.4092,75.13,47,76,4.29
308,Stavern,NO,2022-05-19 03:37:53,59.0,10.0333,52.18,96,100,7.83
309,Daru,PG,2022-05-19 03:37:54,-9.0763,143.2092,81.95,77,27,9.42
310,Hrodna,BY,2022-05-19 03:37:54,53.6884,23.8258,39.06,81,0,0.0
311,Luorong,CN,2022-05-19 03:37:55,24.4058,109.6086,79.23,68,99,1.32
312,Bermejo,AR,2022-05-19 03:37:55,-32.8833,-68.8,44.51,57,0,0.0
313,Wanning,CN,2022-05-19 03:37:56,18.8003,110.3967,83.44,73,24,11.03
314,Kaabong,UG,2022-05-19 03:37:56,3.4836,34.1492,62.8,80,99,7.85
315,Udankudi,IN,2022-05-19 03:37:56,8.4333,78.0167,86.18,63,98,20.49
316,Tarko-Sale,RU,2022-05-19 03:37:57,64.9225,77.785,48.02,70,99,19.62
317,Vienna,AT,2022-05-19 03:35:37,48.2085,16.3721,51.12,77,0,3.44
318,Dhidhdhoo,MV,2022-05-19 03:37:57,6.8833,73.1,83.66,77,100,18.16
319,Sakakah,SA,2022-05-19 03:37:58,29.9697,40.2064,76.57,13,74,4.23
320,Savannah Bight,HN,2022-05-19 03:37:58,16.45,-85.85,82.36,81,47,18.5
321,Kongoussi,BF,2022-05-19 03:37:59,13.3258,-1.5347,85.62,43,38,8.63
322,Kostino,RU,2022-05-19 03:37:59,58.9097,53.2691,37.38,72,63,5.97
323,Fare,PF,2022-05-19 03:38:59,-16.7,-151.0167,79.97,75,88,7.11
324,Bedele,ET,2022-05-19 03:39:00,8.456,36.353,56.77,90,99,1.36
325,Sorland,NO,2022-05-19 03:39:00,67.667,12.6934,42.66,81,11,10.45
326,Staryy Nadym,RU,2022-05-19 03:39:01,65.6118,72.6842,44.44,84,99,18.77
327,Horta,PT,2022-05-19 03:39:01,38.5333,-28.6333,58.1,74,76,21.83
328,Bandarbeyla,SO,2022-05-19 03:39:01,9.4942,50.8122,85.75,58,77,22.75
329,Yar-Sale,RU,2022-05-19 03:39:02,66.8333,70.8333,35.4,76,93,18.21
330,Antsohihy,MG,2022-05-19 03:39:02,-14.8796,47.9875,72.63,66,27,8.9
331,Chokurdakh,RU,2022-05-19 03:39:03,70.6333,147.9167,31.77,99,100,6.08
332,Guerrero Negro,MX,2022-05-19 03:39:03,27.9769,-114.0611,59.4,80,0,13.4
333,Villazon,BO,2022-05-19 03:39:04,-22.0866,-65.5942,37.53,42,3,1.83
334,Beisfjord,NO,2022-05-19 03:39:04,68.3751,17.5988,33.85,85,8,6.15
335,Shilong,CN,2022-05-19 03:39:04,23.1123,113.8425,84.13,49,99,1.12
336,Kassala,SD,2022-05-19 03:39:05,15.451,36.4,85.42,27,35,3.74
337,Namie,JP,2022-05-19 03:39:05,37.4833,141.0,82.71,56,0,1.01
338,Aasiaat,GL,2022-05-19 03:39:06,68.7098,-52.8699,21.96,95,22,3.56
339,Winslow,US,2022-05-19 03:39:06,35.0242,-110.6974,78.98,11,0,13.8
340,Mlonggo,ID,2022-05-19 03:39:06,-6.5333,110.7,85.39,70,100,2.44
341,Hasaki,JP,2022-05-19 03:39:07,35.7333,140.8333,82.29,51,1,11.21
342,Klaksvik,FO,2022-05-19 03:39:07,62.2266,-6.589,49.12,90,97,27.4
343,Grand Gaube,MU,2022-05-19 03:38:59,-20.0064,57.6608,74.37,75,7,4.0
344,Nova Ushytsya,UA,2022-05-19 03:39:08,48.8372,27.2743,44.37,83,7,8.23
345,Palmer,US,2022-05-19 03:34:10,42.1584,-72.3287,59.25,64,100,0.0
346,Bollnas,SE,2022-05-19 03:39:09,61.3482,16.3946,51.12,77,99,4.18
347,Vila Do Maio,CV,2022-05-19 03:39:09,15.1333,-23.2167,79.59,79,89,16.33
348,Pangnirtung,CA,2022-05-19 03:39:09,66.1451,-65.7125,26.13,79,100,6.2
349,Obidos,BR,2022-05-19 03:39:10,-1.9175,-55.5181,73.09,98,100,3.04
350,Kruisfontein,ZA,2022-05-19 03:39:10,-34.0033,24.7314,60.89,86,100,4.5
351,Winnemucca,US,2022-05-19 03:39:11,40.973,-117.7357,73.45,18,0,11.5
352,Neuquen,AR,2022-05-19 03:39:11,-38.9516,-68.0591,39.09,87,0,0.0
353,Shingu,JP,2022-05-19 03:39:11,33.7333,135.9833,71.8,52,100,4.52
354,Codrington,AU,2022-05-19 03:39:12,-38.2667,141.9667,57.09,60,92,10.89
355,Shirokiy,RU,2022-05-19 03:39:12,49.758,129.523,65.5,35,38,12.35
356,Rio Gallegos,AR,2022-05-19 03:39:13,-51.6226,-69.2181,33.85,100,0,2.3
357,Grindavik,IS,2022-05-19 03:39:13,63.8424,-22.4338,46.35,100,100,5.75
358,Marsh Harbour,BS,2022-05-19 03:35:32,26.5412,-77.0636,78.44,79,18,9.46
359,Atambua,ID,2022-05-19 03:39:14,-9.1061,124.8925,84.92,55,57,2.89
360,Kalabagh,PK,2022-05-19 03:39:14,32.965,71.557,100.18,14,0,9.17
361,Kupang,ID,2022-05-19 03:39:14,-10.1667,123.5833,88.47,57,13,10.56
362,Mahibadhoo,MV,2022-05-19 03:39:15,3.7833,72.9667,83.44,78,100,17.31
363,Bereda,ES,2022-05-19 03:39:15,43.2686,-7.5406,46.96,99,75,2.19
364,Kathu,TH,2022-05-19 03:39:16,7.9178,98.3332,86.7,99,93,5.95
365,Pochutla,MX,2022-05-19 03:39:16,15.7432,-96.4661,81.82,63,100,6.29
366,Silifke,TR,2022-05-19 03:39:17,36.3778,33.9344,74.08,81,5,4.54
367,Nagato,JP,2022-05-19 03:39:17,34.3833,131.2,70.92,53,100,9.46
368,Tessaoua,NE,2022-05-19 03:39:17,13.7574,7.9874,80.94,48,5,8.5
369,Pokhara,NP,2022-05-19 03:39:18,28.2333,83.9833,86.81,31,3,6.04
370,Broken Hill,AU,2022-05-19 03:39:18,-31.95,141.4333,57.22,48,100,9.31
371,Wuda,CN,2022-05-19 03:39:19,39.4994,106.7117,75.52,19,6,4.5
372,Sitka,US,2022-05-19 03:40:19,57.0531,-135.33,58.89,38,0,3.44
373,Del Rio,US,2022-05-19 03:40:20,29.3627,-100.8968,89.71,33,0,8.05
374,Biak,ID,2022-05-19 03:40:20,-0.9131,122.8766,79.09,81,100,2.8
375,Karachi,PK,2022-05-19 03:37:48,24.9056,67.0822,84.02,74,40,11.5
376,Kalabo,ZM,2022-05-19 03:40:21,-14.97,22.6814,57.02,73,4,4.41
377,Xichang,CN,2022-05-19 03:40:21,27.8964,102.2634,59.65,82,100,1.43
378,Kokopo,PG,2022-05-19 03:40:22,-4.352,152.2633,87.46,58,6,12.53
379,Parrita,CR,2022-05-19 03:40:22,9.5201,-84.3225,76.78,88,100,1.68
380,Phalodi,IN,2022-05-19 03:40:22,27.1333,72.3667,100.58,18,0,10.67
381,Rio Grande,BR,2022-05-19 03:40:23,-32.035,-52.0986,52.95,79,42,13.98
382,Katobu,ID,2022-05-19 03:40:23,-4.9408,122.5276,88.45,58,72,5.95
383,Samarai,PG,2022-05-19 03:40:24,-10.6167,150.6667,83.23,71,9,7.47
384,Ulladulla,AU,2022-05-19 03:40:24,-35.35,150.4667,61.77,45,0,5.26
385,Labuhan,ID,2022-05-19 03:40:25,-6.8844,112.2051,85.71,70,100,10.4
386,Pampa,US,2022-05-19 03:40:25,35.5362,-100.9599,81.57,57,0,10.36
387,Halifax,CA,2022-05-19 03:35:37,44.6453,-63.5724,48.09,81,2,1.14
388,Lianzhou,CN,2022-05-19 03:40:26,24.7811,112.3825,83.62,61,95,2.04
389,Ostrovnoy,RU,2022-05-19 03:40:26,68.0531,39.5131,33.48,91,100,12.86
390,Male,MV,2022-05-19 03:40:27,4.1748,73.5089,84.15,84,75,13.8
391,Aksu,CN,2022-05-19 03:40:27,41.1231,80.2644,80.02,19,79,4.7
392,Katav-Ivanovsk,RU,2022-05-19 03:40:28,54.7531,58.1956,40.57,96,100,8.7
393,Inhambane,MZ,2022-05-19 03:35:44,-23.865,35.3833,66.18,94,40,0.0
394,Steinbach,DE,2022-05-19 03:40:29,50.1667,8.5667,64.08,77,0,0.0
395,Sur,OM,2022-05-19 03:40:29,22.5667,59.5289,95.22,29,0,6.04
396,Zhanaozen,KZ,2022-05-19 03:40:29,43.3,52.8,69.53,35,6,10.02
397,Kamaishi,JP,2022-05-19 03:40:30,39.2667,141.8833,68.25,48,25,10.69
398,Santa Rosa,PH,2022-05-19 03:36:06,14.3122,121.1114,91.09,69,84,7.81
399,Huelva,ES,2022-05-19 03:37:27,37.6667,-7.0,69.04,63,13,4.23
400,Itaituba,BR,2022-05-19 03:40:31,-4.2761,-55.9836,67.78,96,78,2.33
401,Mucurapo,TT,2022-05-19 03:40:31,10.6667,-61.5333,80.65,82,90,5.91
402,Souillac,MU,2022-05-19 03:40:32,-20.5167,57.5167,73.78,83,75,14.97
403,Lysva,RU,2022-05-19 03:40:32,58.1086,57.8053,40.95,87,100,7.27
404,Rivers,CA,2022-05-19 03:40:32,50.0308,-100.2403,49.15,90,100,3.2
405,Zdvinsk,RU,2022-05-19 03:40:33,54.7021,78.661,64.18,66,100,9.48
406,Chichester,GB,2022-05-19 03:40:33,50.8367,-0.78,58.6,95,83,3.0
407,Quelimane,MZ,2022-05-19 03:40:34,-17.8786,36.8883,67.95,94,20,2.3
408,Komsomolskiy,UZ,2022-05-19 03:40:34,40.4272,71.7189,70.52,64,50,4.61
409,The Valley,AI,2022-05-19 03:40:34,18.217,-63.0578,80.46,79,15,18.23
410,Mahajanga,MG,2022-05-19 03:40:35,-15.7167,46.3167,64.42,72,0,4.61
411,Lamu,KE,2022-05-19 03:40:35,-2.2717,40.902,77.22,78,71,10.83
412,Karaidel,RU,2022-05-19 03:40:36,55.8337,56.9069,42.01,95,96,9.04
413,Gurupa,BR,2022-05-19 03:40:36,-1.405,-51.64,72.84,98,100,2.37
414,Hatillo,PR,2022-05-19 03:40:36,18.4863,-66.8254,82.02,92,92,1.99
415,Hualmay,PE,2022-05-19 03:40:37,-11.0964,-77.6139,65.08,87,75,7.61
416,Tonota,BW,2022-05-19 03:41:37,-21.4833,27.4833,53.22,90,0,5.17
417,Camacha,PT,2022-05-19 03:41:38,33.0833,-16.3333,63.82,88,40,5.75
418,Amga,RU,2022-05-19 03:41:38,60.8953,131.9608,50.85,61,90,5.32
419,Petauke,ZM,2022-05-19 03:41:39,-14.2426,31.3253,55.62,84,8,4.5
420,Belaya Gora,RU,2022-05-19 03:36:55,68.5333,146.4167,34.68,100,100,8.84
421,Huaicheng,CN,2022-05-19 03:41:39,23.9051,112.1931,86.79,50,66,3.02
422,Zhireken,RU,2022-05-19 03:41:40,52.8249,117.3076,74.57,22,30,10.58
423,Port-Gentil,GA,2022-05-19 03:41:40,-0.7193,8.7815,79.9,79,100,16.53
424,Saint George,US,2022-05-19 03:40:34,37.1041,-113.5841,90.19,10,0,9.22
425,Saint-Pierre,RE,2022-05-19 03:41:41,-21.3393,55.4781,70.92,68,0,8.05
426,Zaozerne,UA,2022-05-19 03:41:41,45.1582,33.2787,50.99,77,46,11.23
427,Balabac,PH,2022-05-19 03:41:42,7.9868,117.0645,86.07,72,68,10.69
428,Shache,CN,2022-05-19 03:41:42,38.4167,77.2406,81.41,18,3,5.12
429,Biltine,TD,2022-05-19 03:41:42,14.5333,20.9167,85.93,17,98,8.08
430,Zhigansk,RU,2022-05-19 03:41:43,66.7697,123.3711,41.9,77,33,18.23
431,Te Anau,NZ,2022-05-19 03:41:43,-45.4167,167.7167,47.53,82,97,12.48
432,Da Nang,VN,2022-05-19 03:40:02,16.0678,108.2208,85.98,70,75,6.91
433,Severo-Yeniseyskiy,RU,2022-05-19 03:41:44,60.3725,93.0408,60.98,42,18,5.99
434,Auki,SB,2022-05-19 03:41:44,-8.7676,160.7034,82.54,76,25,2.82
435,Vostok,RU,2022-05-19 03:41:45,46.4856,135.8833,65.89,26,36,11.18
436,Faranah,GN,2022-05-19 03:41:45,10.0404,-10.7434,72.14,95,47,6.2
437,Sokoni,TZ,2022-05-19 03:41:46,-6.4333,39.55,76.86,73,100,13.62
438,Egvekinot,RU,2022-05-19 03:41:46,66.3167,-179.1667,30.72,99,100,4.18
439,Verkhnyaya Inta,RU,2022-05-19 03:41:47,65.9811,60.3094,36.77,61,74,10.87
440,Mwene-Ditu,CD,2022-05-19 03:41:47,-7.0,23.45,65.66,78,75,3.49
441,Coahuayana,MX,2022-05-19 03:41:48,18.7333,-103.6833,72.93,66,78,1.03
442,Nanzhang,CN,2022-05-19 03:41:48,31.7765,111.8386,73.02,62,100,3.67
443,Portsmouth,GB,2022-05-19 03:41:49,50.799,-1.0913,57.9,95,87,10.0
444,Bulaevo,KZ,2022-05-19 03:41:49,54.9056,70.4439,58.24,53,64,18.88
445,Skjervoy,NO,2022-05-19 03:41:49,70.0311,20.9714,33.8,71,43,6.35
446,Maiduguri,NG,2022-05-19 03:41:50,11.8464,13.1603,84.94,41,100,2.62
447,Quesnel,CA,2022-05-19 03:41:50,52.9999,-122.5029,43.3,93,100,2.3
448,Ostersund,SE,2022-05-19 03:41:51,63.1792,14.6357,45.05,70,40,11.5
449,Vila Velha,BR,2022-05-19 03:41:06,-20.3297,-40.2925,66.15,45,0,4.61
450,Wuwei,CN,2022-05-19 03:41:51,37.9281,102.6414,76.69,14,96,7.47
451,Atri,IT,2022-05-19 03:41:53,42.5778,13.9848,58.32,78,0,4.79
452,Russell,US,2022-05-19 03:41:54,32.3502,-85.1999,76.6,82,24,5.68
453,Podor,MR,2022-05-19 03:41:54,16.6527,-14.9587,82.35,39,0,4.61
454,Ondo,NG,2022-05-19 03:41:54,7.1,4.8333,73.85,97,100,1.45
455,Lyubech,UA,2022-05-19 03:41:55,51.7026,30.6569,44.8,80,6,7.65
456,Mezen,RU,2022-05-19 03:41:55,65.8522,44.24,34.84,84,85,6.38
457,Gaozhou,CN,2022-05-19 03:41:56,21.9392,110.8461,82.85,65,80,3.15
458,Igarka,RU,2022-05-19 03:41:56,67.4667,86.5833,35.74,75,91,3.27
459,Totness,SR,2022-05-19 03:42:57,5.8833,-56.3167,76.91,86,53,6.46
460,Itoman,JP,2022-05-19 03:42:57,26.1247,127.6694,79.57,70,75,17.27
461,San Ramon De La Nueva Oran,AR,2022-05-19 03:42:58,-23.1322,-64.326,47.64,83,68,1.99
462,Tombouctou,ML,2022-05-19 03:42:58,20.0,-3.0,85.59,6,12,7.94
463,Ankpa,NG,2022-05-19 03:42:59,7.3706,7.6253,72.97,96,100,4.36
464,Abonnema,NG,2022-05-19 03:42:59,4.7084,6.7931,76.33,92,99,4.5
465,Lasa,IT,2022-05-19 03:42:59,46.6166,10.7002,61.68,95,79,2.53
466,Darnah,LY,2022-05-19 03:43:00,32.767,22.6367,65.57,92,3,15.95
467,Salalah,OM,2022-05-19 03:41:56,17.0151,54.0924,80.69,74,20,2.3
468,Emerald,AU,2022-05-19 03:43:00,-23.5333,148.1667,74.34,49,100,14.25
469,Fortuna,US,2022-05-19 03:43:01,40.5982,-124.1573,56.91,87,98,1.99
470,Abu Dhabi,AE,2022-05-19 03:41:28,24.4667,54.3667,80.96,76,0,9.22
471,Sofia,BG,2022-05-19 03:39:31,42.6975,23.3242,45.05,96,75,2.3
472,Ayan,RU,2022-05-19 03:43:01,56.45,138.1667,36.25,82,75,5.26
473,Clyde River,CA,2022-05-19 03:43:02,70.4692,-68.5914,23.23,100,100,3.44
474,Kiama,AU,2022-05-19 03:43:02,-34.6833,150.8667,66.38,45,30,4.79
475,Caravelas,BR,2022-05-19 03:43:03,-17.7125,-39.2481,67.73,57,95,5.95
476,Bac Lieu,VN,2022-05-19 03:43:03,9.285,105.7244,88.54,61,84,10.31
477,Vao,NC,2022-05-19 03:43:04,-22.6667,167.4833,75.38,82,13,16.84
478,Ocos,GT,2022-05-19 03:43:04,14.5094,-92.1933,84.49,70,91,2.51
479,Tramore,IE,2022-05-19 03:43:04,52.1624,-7.1524,50.09,81,0,5.99
480,Salinopolis,BR,2022-05-19 03:39:35,-0.6136,-47.3561,77.5,87,100,3.62
481,Tevaitoa,PF,2022-05-19 03:43:05,-16.7833,-151.5,79.5,77,84,7.81
482,Sawakin,SD,2022-05-19 03:43:05,19.1059,37.3321,83.01,50,1,5.3
483,La Asuncion,VE,2022-05-19 03:43:06,11.0333,-63.8628,80.33,89,100,14.97
484,Vuktyl,RU,2022-05-19 03:43:06,63.8567,57.3094,34.07,99,100,8.32
485,Taicheng,CN,2022-05-19 03:43:07,38.731,113.228,73.51,23,100,5.26
486,Bud,US,2022-05-19 03:43:07,39.447,-86.1758,62.67,98,40,3.98
487,Moranbah,AU,2022-05-19 03:43:08,-22.0016,148.0466,71.96,52,96,15.59
488,Lima,PE,2022-05-19 03:40:37,-12.0432,-77.0282,64.9,79,20,10.36
489,Camopi,GF,2022-05-19 03:43:08,3.1655,-52.3158,71.74,100,100,0.94
490,Lovozero,RU,2022-05-19 03:43:09,68.005,35.0117,32.56,88,100,18.41
491,Santarem,BR,2022-05-19 03:41:30,-2.4431,-54.7083,75.33,100,75,3.44
492,Rorvik,NO,2022-05-19 03:43:09,64.8621,11.2373,46.81,90,47,10.04
493,Namibe,AO,2022-05-19 03:43:10,-15.1961,12.1522,68.88,74,0,8.7
494,Yatou,CN,2022-05-19 03:43:10,37.15,122.3833,71.94,48,100,9.86
495,Tallahassee,US,2022-05-19 03:40:24,30.4383,-84.2807,78.01,78,0,5.75
496,Nome,US,2022-05-19 03:43:11,64.5011,-165.4064,42.17,86,100,6.91
497,Giyani,ZA,2022-05-19 03:43:11,-23.3025,30.7187,58.06,86,0,3.51
498,Yarmouth,US,2022-05-19 03:43:11,41.7057,-70.2286,57.54,79,0,5.75
499,Montmagny,FR,2022-05-19 03:43:12,48.9734,2.3469,72.25,77,0,8.05
500,La Ronge,CA,2022-05-19 03:38:18,55.1001,-105.2842,52.05,40,100,9.22
501,Asfi,MA,2022-05-19 03:43:13,32.2994,-9.2372,64.8,90,17,14.03
502,Hay River,CA,2022-05-19 03:43:13,60.8156,-115.7999,35.58,87,96,10.36
503,Vila Franca Do Campo,PT,2022-05-19 03:43:13,37.7167,-25.4333,63.19,92,91,13.06
504,Wembley,AU,2022-05-19 03:43:14,-31.9333,115.8,70.79,85,75,6.91
505,Sarakhs,IR,2022-05-19 03:43:14,36.5449,61.1577,71.74,60,86,4.61
506,Sarandi,BR,2022-05-19 03:43:15,-23.4436,-51.8739,46.81,86,99,6.55
507,Agadir,MA,2022-05-19 03:43:15,30.4202,-9.5982,64.85,84,13,4.97
508,Okhotsk,RU,2022-05-19 03:44:16,59.3833,143.3,42.91,68,100,3.58
509,Tokur,RU,2022-05-19 03:44:16,53.1333,132.9,35.91,85,100,5.99
510,Herne,DE,2022-05-19 03:44:17,51.55,7.2167,71.1,58,100,8.81
511,Barranco,PA,2022-05-19 03:44:17,9.5167,-82.7,73.09,92,100,3.83
512,Namwala,ZM,2022-05-19 03:44:18,-15.7504,26.4384,55.94,79,76,4.76
513,Mattru,SL,2022-05-19 03:44:18,7.6244,-11.8332,74.98,97,100,0.56
514,Poum,NC,2022-05-19 03:44:19,-20.2333,164.0167,77.95,76,20,5.46
515,Angoche,MZ,2022-05-19 03:44:19,-16.2325,39.9086,73.8,78,79,4.88
516,Bhagalpur,IN,2022-05-19 03:44:19,25.25,87.0,98.55,38,13,7.25
517,Santa Luzia,BR,2022-05-19 03:40:32,-19.7697,-43.8514,50.34,57,0,9.22
518,Olafsvik,IS,2022-05-19 03:44:20,64.8945,-23.7142,43.47,96,100,10.94
519,Dole,FR,2022-05-19 03:44:21,47.0833,5.5,67.62,77,100,9.22
520,Cape Coast,GH,2022-05-19 03:44:21,5.1053,-1.2466,79.29,86,75,9.89
521,Colombo,LK,2022-05-19 03:44:22,6.9319,79.8478,78.75,82,56,19.01
522,High Level,CA,2022-05-19 03:44:22,58.5169,-117.136,53.71,40,20,11.5
523,Faro,PT,2022-05-19 03:44:22,37.0194,-7.9322,67.78,73,0,3.44
524,Walvis Bay,NA,2022-05-19 03:44:23,-22.9575,14.5053,58.15,100,62,4.61
525,Omboue,GA,2022-05-19 03:44:23,-1.5746,9.2618,77.32,85,100,6.82
526,Chara,RU,2022-05-19 03:44:24,56.9064,118.2631,51.19,76,100,4.81
527,Bubaque,GW,2022-05-19 03:44:24,11.2833,-15.8333,78.01,84,4,9.01
528,Beringovskiy,RU,2022-05-19 03:44:24,63.05,179.3167,41.45,73,100,8.46
529,Pio Ix,BR,2022-05-19 03:44:25,-6.8375,-40.5792,71.35,78,100,4.36
530,Necochea,AR,2022-05-19 03:44:25,-38.5473,-58.7368,43.99,87,7,6.15
531,Oranjemund,NA,2022-05-19 03:44:26,-28.55,16.4333,58.23,95,99,12.39
532,Lerwick,GB,2022-05-19 03:44:26,60.1545,-1.1494,50.0,84,100,23.89
533,Genhe,CN,2022-05-19 03:44:27,50.7833,121.5167,70.25,21,100,7.0
534,Tete,MZ,2022-05-19 03:42:38,-16.1564,33.5867,60.89,100,20,3.44
535,Marrakesh,MA,2022-05-19 03:44:27,31.6315,-8.0083,66.27,72,0,4.61
536,Nagold,DE,2022-05-19 03:39:57,48.5498,8.7237,58.93,84,93,4.34
537,Indiana,US,2022-05-19 03:42:30,40.0003,-86.2503,62.42,94,0,0.0
538,Lisala,CD,2022-05-19 03:44:28,2.15,21.5167,70.03,99,100,1.03
539,Manggar,ID,2022-05-19 03:44:28,-2.8833,108.2667,86.0,67,24,6.38
540,Erzin,TR,2022-05-19 03:44:29,36.9559,36.2,66.61,73,0,0.13
541,Broome,US,2022-05-19 03:44:30,42.2506,-75.833,54.01,86,100,6.91
542,Boa Esperanca,BR,2022-05-19 03:40:52,-21.09,-45.5658,47.71,66,47,12.21
543,Barcelos,PT,2022-05-19 03:40:23,41.5388,-8.6151,55.92,84,35,3.69
544,Road Town,VG,2022-05-19 03:39:55,18.4167,-64.6167,80.69,80,59,17.25
545,Mlawa,PL,2022-05-19 03:44:31,53.1128,20.3841,44.49,66,26,7.02
546,Liberal,US,2022-05-19 03:44:31,37.0431,-100.921,64.54,68,75,36.82
547,Bonthe,SL,2022-05-19 03:44:31,7.5264,-12.505,79.11,86,98,4.03
548,Urumqi,CN,2022-05-19 03:39:49,43.801,87.6005,79.75,17,0,2.24
549,Yerbogachen,RU,2022-05-19 03:44:32,61.2767,108.0108,50.7,75,88,15.86
550,Cap Malheureux,MU,2022-05-19 03:44:33,-19.9842,57.6142,75.47,73,7,4.0
551,Shellbrook,CA,2022-05-19 03:45:33,53.2168,-106.4011,52.83,85,100,10.78
552,Marystown,CA,2022-05-19 03:45:33,47.1666,-55.1483,43.86,100,13,9.78
553,Kanniyakumari,IN,2022-05-19 03:45:34,8.0833,77.5667,82.47,78,100,19.93
554,Surskoye,RU,2022-05-19 03:45:34,54.4821,46.7214,43.66,82,97,12.15
555,Hobyo,SO,2022-05-19 03:45:35,5.3505,48.5268,80.56,75,74,17.52
556,Owando,CG,2022-05-19 03:45:35,-0.4819,15.8999,70.54,98,100,1.97
557,Axim,GH,2022-05-19 03:45:36,4.8699,-2.2405,78.42,86,41,8.34
558,Pulandian,CN,2022-05-19 03:45:36,39.3953,121.9669,79.23,29,98,9.28
559,Mountain Home,US,2022-05-19 03:45:37,43.133,-115.6912,67.48,30,75,0.0
560,Black River,JM,2022-05-19 03:45:38,18.0264,-77.8487,78.4,84,88,3.69
561,Las Vegas,US,2022-05-19 03:45:03,36.175,-115.1372,95.68,11,0,4.61
562,North Battleford,CA,2022-05-19 03:45:38,52.7834,-108.2847,50.09,87,100,19.57
563,Dzhebariki-Khaya,RU,2022-05-19 03:45:39,62.2167,135.8,43.21,84,100,2.44
564,Flinders,AU,2022-05-19 03:45:39,-34.5833,150.8552,67.17,46,41,4.0
565,Manokwari,ID,2022-05-19 03:45:39,-0.8667,134.0833,83.82,71,61,4.23
566,Bor,RU,2022-05-19 03:45:40,56.3567,44.0669,42.73,83,60,12.26
567,Tambovka,RU,2022-05-19 03:45:40,50.0969,128.0489,68.63,26,8,12.15
568,Taunggyi,MM,2022-05-19 03:45:41,20.7833,97.0333,81.28,53,24,1.28
569,Talcahuano,CL,2022-05-19 03:45:41,-36.7167,-73.1167,51.48,82,100,13.8
570,Cacapava Do Sul,BR,2022-05-19 03:45:41,-30.5122,-53.4914,44.1,97,22,5.32
571,Kamenka,RU,2022-05-19 03:45:42,51.3223,42.7678,49.66,79,6,8.86
