City_ID,City,Country,Lat,Lng,Max Temp,Humidity,Cloudiness,Wind Speed,Description,Date
0,Punta Arenas,CL,-53.15,-70.9167,42.91,87,100,4.61,overcast clouds,2022-05-20 20:54:10
1,Pevek,RU,69.7008,170.3133,32.92,97,79,5.48,broken clouds,2022-05-20 20:54:11
2,Altar,MX,30.7,-111.8167,91.36,16,0,25.86,clear sky,2022-05-20 20:54:11
3,Jamestown,US,42.097,-79.2353,76.95,78,100,8.99,overcast clouds,2022-05-20 20:54:12
4,Fortuna,US,40.5982,-124.1573,66.85,63,20,20.71,few clouds,2022-05-20 20:54:12
5,Hithadhoo,MV,-0.6,73.0833,82.96,73,65,9.22,broken clouds,2022-05-20 20:54:13
6,New Norfolk,AU,-42.7826,147.0587,40.5,87,10,2.42,clear sky,2022-05-20 20:54:14
7,Srednekolymsk,RU,67.45,153.6833,53.24,51,52,14.07,broken clouds,2022-05-20 20:54:14
8,Kisangani,CD,0.5167,25.2,73.18,95,100,1.99,overcast clouds,2022-05-20 20:54:15
9,Alofi,NU,-19.0595,-169.9187,76.89,94,40,5.75,scattered clouds,2022-05-20 20:54:15
10,Albany,US,42.6001,-73.9662,78.24,59,98,3.0,overcast clouds,2022-05-20 20:50:27
11,Chuy,UY,-33.6971,-53.4616,53.73,72,25,5.61,scattered clouds,2022-05-20 20:54:16
12,Hermanus,ZA,-34.4187,19.2345,57.22,71,55,3.11,broken clouds,2022-05-20 20:54:16
13,Boende,CD,-0.2167,20.8667,70.56,99,100,2.44,overcast clouds,2022-05-20 20:54:17
14,Bara,NG,10.3744,10.7288,86.5,47,54,8.05,broken clouds,2022-05-20 20:54:17
15,Sao Filipe,CV,14.8961,-24.4956,74.14,70,72,8.72,broken clouds,2022-05-20 20:54:18
16,Lavrentiya,RU,65.5833,-171.0,35.19,95,47,7.96,scattered clouds,2022-05-20 20:53:30
17,Bredasdorp,ZA,-34.5322,20.0403,51.33,78,6,4.45,clear sky,2022-05-20 20:54:18
18,Bima,ID,-8.4667,118.7167,73.62,92,17,3.38,few clouds,2022-05-20 20:54:19
19,Kruisfontein,ZA,-34.0033,24.7314,54.88,83,100,5.57,light rain,2022-05-20 20:54:19
20,Ormara,PK,25.2088,64.6357,81.52,93,4,15.39,clear sky,2022-05-20 20:54:20
21,Erie,US,42.7667,-78.6664,74.68,71,100,7.0,overcast clouds,2022-05-20 20:54:20
22,Mataura,NZ,-46.1927,168.8643,47.48,91,98,13.2,overcast clouds,2022-05-20 20:54:21
23,Saint George,US,37.1041,-113.5841,75.25,12,0,8.99,clear sky,2022-05-20 20:52:15
24,Matara,LK,5.9485,80.5353,76.87,93,46,7.9,scattered clouds,2022-05-20 20:54:21
25,Yongchang,CN,30.0381,119.7317,60.58,97,62,0.29,broken clouds,2022-05-20 20:54:22
26,Lagoa,PT,39.05,-27.9833,61.5,92,100,13.04,overcast clouds,2022-05-20 20:54:22
27,Muzaffarabad,PK,34.37,73.4711,66.13,64,77,8.55,broken clouds,2022-05-20 20:54:23
28,Corrientes,AR,-27.4806,-58.8341,66.16,62,0,8.05,clear sky,2022-05-20 20:54:23
29,Carnarvon,AU,-24.8667,113.6333,68.67,65,0,13.33,clear sky,2022-05-20 20:54:24
30,Iqaluit,CA,63.7506,-68.5145,29.93,92,100,9.22,light snow,2022-05-20 20:54:24
31,Ponta Do Sol,PT,32.6667,-17.1,68.72,83,56,1.9,broken clouds,2022-05-20 20:54:24
32,East London,ZA,-33.0153,27.9116,61.65,73,100,9.13,light rain,2022-05-20 20:54:25
33,Puliyur,IN,10.6333,78.8333,82.2,69,40,6.91,haze,2022-05-20 20:54:25
34,Sault Sainte Marie,CA,46.5168,-84.3333,59.29,93,100,12.66,mist,2022-05-20 20:50:45
35,Garchitorena,PH,13.8804,123.6946,79.81,84,100,4.41,overcast clouds,2022-05-20 20:54:26
36,Birao,CF,10.2849,22.7882,84.96,47,33,8.16,scattered clouds,2022-05-20 20:54:26
37,Bjornevatn,NO,69.6672,29.9847,37.74,70,75,14.97,broken clouds,2022-05-20 20:54:27
38,Souillac,MU,-20.5167,57.5167,75.58,83,40,8.05,scattered clouds,2022-05-20 20:54:27
39,Vaini,TO,-21.2,-175.2,77.16,83,40,4.61,scattered clouds,2022-05-20 20:54:28
40,Sao Felix Do Xingu,BR,-6.6447,-51.995,75.99,74,46,1.48,scattered clouds,2022-05-20 20:54:28
41,Impfondo,CG,1.6381,18.0667,70.09,98,100,2.75,overcast clouds,2022-05-20 20:54:29
42,Rikitea,PF,-23.1203,-134.9692,73.09,78,100,3.76,overcast clouds,2022-05-20 20:54:29
43,Guangyuan,CN,32.442,105.823,65.25,90,100,0.69,light rain,2022-05-20 20:54:29
44,Kapaa,US,22.0752,-159.319,83.48,76,38,3.0,scattered clouds,2022-05-20 20:54:30
45,Barrow,US,71.2906,-156.7887,31.8,99,100,9.06,overcast clouds,2022-05-20 20:54:30
46,Hambantota,LK,6.1241,81.1185,78.89,85,69,14.5,broken clouds,2022-05-20 20:54:31
47,Port Alfred,ZA,-33.5906,26.891,57.18,94,100,4.0,overcast clouds,2022-05-20 20:54:31
48,Great Yarmouth,GB,52.6083,1.7305,61.05,90,34,15.3,scattered clouds,2022-05-20 20:55:32
49,Deer Lake,CA,49.1667,-57.4316,64.26,27,20,8.05,few clouds,2022-05-20 20:55:32
50,Marsh Harbour,BS,26.5412,-77.0636,81.36,74,100,12.1,overcast clouds,2022-05-20 20:55:33
51,Meulaboh,ID,4.1363,96.1285,77.02,89,92,3.58,overcast clouds,2022-05-20 20:55:33
52,Zamora,EC,-4.0692,-78.9567,90.64,92,95,3.06,light rain,2022-05-20 20:55:34
53,Visegrad,BA,43.7847,19.2992,56.64,68,12,2.57,few clouds,2022-05-20 20:55:34
54,Victoria,HK,22.2855,114.1577,78.94,82,9,1.01,clear sky,2022-05-20 20:52:54
55,Port Elizabeth,ZA,-33.918,25.5701,57.49,97,100,8.05,overcast clouds,2022-05-20 20:55:35
56,Saint-Philippe,RE,-21.3585,55.7679,71.19,82,40,11.41,light rain,2022-05-20 20:55:35
57,Leshukonskoye,RU,64.8989,45.7622,26.83,85,28,4.83,scattered clouds,2022-05-20 20:55:37
58,Olafsvik,IS,64.8945,-23.7142,48.38,82,83,6.49,broken clouds,2022-05-20 20:55:37
59,Vanimo,PG,-2.6741,141.3028,77.49,90,48,3.94,scattered clouds,2022-05-20 20:55:37
60,Nishihara,JP,26.1842,127.7558,74.48,92,75,12.66,broken clouds,2022-05-20 20:55:38
61,Lompoc,US,34.6391,-120.4579,73.78,60,0,17.27,clear sky,2022-05-20 20:55:38
62,Busselton,AU,-33.65,115.3333,55.62,83,3,9.1,clear sky,2022-05-20 20:55:39
63,San Pedro De Macoris,DO,18.4616,-69.2972,88.41,65,40,13.13,scattered clouds,2022-05-20 20:55:39
64,Xuddur,SO,4.1213,43.8894,74.91,71,50,13.49,scattered clouds,2022-05-20 20:55:39
65,Raudeberg,NO,61.9875,5.1352,50.67,94,100,3.85,overcast clouds,2022-05-20 20:55:40
66,Castro,BR,-24.7911,-50.0119,48.69,74,0,3.91,clear sky,2022-05-20 20:55:40
67,Ahipara,NZ,-35.1667,173.1667,58.82,63,99,13.53,overcast clouds,2022-05-20 20:55:41
68,Yulara,AU,-25.2406,130.9889,53.19,67,68,8.79,broken clouds,2022-05-20 20:55:41
69,Ramsar,IR,36.9226,50.6426,56.64,94,100,9.22,overcast clouds,2022-05-20 20:55:42
70,Nome,US,64.5011,-165.4064,62.11,48,57,15.43,broken clouds,2022-05-20 20:55:42
71,Lebu,CL,-37.6167,-73.65,53.98,86,18,7.11,few clouds,2022-05-20 20:55:43
72,Sambava,MG,-14.2667,50.1667,72.93,87,42,11.74,light rain,2022-05-20 20:55:43
73,Ushuaia,AR,-54.8,-68.3,46.06,61,20,6.91,few clouds,2022-05-20 20:55:44
74,Cabo San Lucas,MX,22.8909,-109.9124,84.61,58,1,15.5,clear sky,2022-05-20 20:55:43
75,Codrington,AU,-38.2667,141.9667,42.67,91,9,6.73,clear sky,2022-05-20 20:55:44
76,Kaliua,TZ,-5.0606,31.7936,65.53,66,100,3.51,overcast clouds,2022-05-20 20:55:45
77,Nanchong,CN,30.7951,106.0847,70.75,74,100,1.19,overcast clouds,2022-05-20 20:55:45
78,Leh,IN,34.1667,77.5833,44.65,55,20,4.59,few clouds,2022-05-20 20:55:45
79,Conakry,GN,9.538,-13.6773,84.27,84,75,11.5,broken clouds,2022-05-20 20:55:46
80,Kabinda,CD,-6.1333,24.4833,72.86,57,94,2.35,overcast clouds,2022-05-20 20:55:47
81,Kondinskoye,RU,59.6481,67.41,40.42,85,96,12.48,overcast clouds,2022-05-20 20:55:47
82,Skjervoy,NO,70.0311,20.9714,39.2,75,15,8.19,few clouds,2022-05-20 20:55:47
83,Hasaki,JP,35.7333,140.8333,64.8,75,100,9.78,light rain,2022-05-20 20:55:48
84,Longyearbyen,SJ,78.2186,15.6401,33.64,69,75,3.44,broken clouds,2022-05-20 20:55:48
85,Atuona,PF,-9.8,-139.0333,77.38,67,0,9.75,clear sky,2022-05-20 20:55:49
86,College,US,64.8569,-147.8028,71.01,34,0,1.99,clear sky,2022-05-20 20:55:49
87,Gornopravdinsk,RU,60.05,69.9,39.81,84,91,12.28,overcast clouds,2022-05-20 20:55:50
88,Yellowknife,CA,62.456,-114.3525,59.56,21,75,9.22,broken clouds,2022-05-20 20:55:50
89,Saskylakh,RU,71.9167,114.0833,30.25,87,100,3.18,overcast clouds,2022-05-20 20:55:51
90,Jalu,LY,29.0331,21.5482,70.07,31,0,20.92,clear sky,2022-05-20 20:55:51
91,San Patricio,US,28.017,-97.5169,86.72,51,32,22.37,scattered clouds,2022-05-20 20:55:52
92,Millinocket,US,45.6573,-68.7098,59.41,63,100,9.55,overcast clouds,2022-05-20 20:53:17
93,Moose Factory,CA,51.2585,-80.6094,57.18,94,100,5.75,mist,2022-05-20 20:56:52
94,Saldanha,ZA,-33.0117,17.9442,51.85,70,2,16.31,clear sky,2022-05-20 20:56:53
95,Cherskiy,RU,68.75,161.3,51.15,50,8,16.24,clear sky,2022-05-20 20:56:53
96,Tasiilaq,GL,65.6145,-37.6368,38.64,73,17,5.08,few clouds,2022-05-20 20:56:54
97,Glasgow,GB,55.8652,-4.2576,52.2,86,40,12.66,scattered clouds,2022-05-20 20:56:54
98,Marsaxlokk,MT,35.8419,14.5431,66.07,82,0,4.61,clear sky,2022-05-20 20:56:55
99,Burnie,AU,-41.0667,145.9167,46.94,89,79,5.46,broken clouds,2022-05-20 20:56:55
100,Elizabeth City,US,36.2946,-76.2511,95.05,54,0,4.0,clear sky,2022-05-20 20:56:56
101,Bengkulu,ID,-3.8004,102.2655,75.92,87,82,3.94,broken clouds,2022-05-20 20:56:56
102,Linqiong,CN,30.4159,103.4609,67.82,86,100,1.83,overcast clouds,2022-05-20 20:56:57
103,Mahebourg,MU,-20.4081,57.7,76.24,83,40,8.05,scattered clouds,2022-05-20 20:55:07
104,Kaitangata,NZ,-46.2817,169.8464,45.3,82,69,18.97,broken clouds,2022-05-20 20:56:57
105,Khatanga,RU,71.9667,102.5,31.17,83,100,10.2,overcast clouds,2022-05-20 20:56:58
106,Buin,CL,-33.7333,-70.75,68.32,48,72,4.07,broken clouds,2022-05-20 20:56:58
107,Dunedin,NZ,-45.8742,170.5036,48.79,64,70,13.0,broken clouds,2022-05-20 20:56:59
108,Camacha,PT,33.0833,-16.3333,63.82,68,20,9.22,few clouds,2022-05-20 20:56:59
109,Faanui,PF,-16.4833,-151.75,80.29,73,19,11.61,few clouds,2022-05-20 20:56:59
110,Mabaruma,GY,8.2,-59.7833,81.16,72,24,6.58,few clouds,2022-05-20 20:57:00
111,Kousseri,CM,12.0769,15.0306,94.96,16,13,4.61,few clouds,2022-05-20 20:57:00
112,Bobrovka,RU,54.047,61.7455,44.46,91,100,19.19,moderate rain,2022-05-20 20:57:01
113,Ust-Omchug,RU,61.15,149.6333,33.42,94,100,5.01,light snow,2022-05-20 20:53:15
114,Bambous Virieux,MU,-20.3428,57.7575,76.21,83,40,8.05,scattered clouds,2022-05-20 20:55:07
115,Pangnirtung,CA,66.1451,-65.7125,35.37,87,100,1.14,overcast clouds,2022-05-20 20:57:02
116,Plettenberg Bay,ZA,-34.0527,23.3716,56.17,81,87,6.6,overcast clouds,2022-05-20 20:57:02
117,Storforshei,NO,66.4043,14.5233,46.65,81,75,5.75,broken clouds,2022-05-20 20:57:03
118,Lae,PG,-6.7221,146.9847,72.27,81,9,4.9,clear sky,2022-05-20 20:57:03
119,Yanam,IN,16.7333,82.2167,81.63,78,100,4.34,overcast clouds,2022-05-20 20:57:03
120,Quelimane,MZ,-17.8786,36.8883,76.95,88,0,8.05,clear sky,2022-05-20 20:55:07
121,Chokurdakh,RU,70.6333,147.9167,34.07,100,100,7.05,overcast clouds,2022-05-20 20:57:04
122,Katsuura,JP,35.1333,140.3,66.9,80,100,8.21,overcast clouds,2022-05-20 20:57:05
123,Guerrero Negro,MX,27.9769,-114.0611,72.52,52,1,15.93,clear sky,2022-05-20 20:57:05
124,El Jicaro,GT,14.9167,-89.9,94.53,55,74,4.88,broken clouds,2022-05-20 20:57:05
125,Avarua,CK,-21.2078,-159.775,78.85,69,75,6.91,broken clouds,2022-05-20 20:57:06
126,Boda,CF,4.3189,17.4695,72.03,85,100,2.57,overcast clouds,2022-05-20 20:57:06
127,Coahuayana,MX,18.7333,-103.6833,89.1,42,13,8.19,few clouds,2022-05-20 20:57:07
128,Hilo,US,19.7297,-155.09,93.27,87,11,8.01,few clouds,2022-05-20 20:57:07
129,San Cristobal,VE,7.7669,-72.225,80.78,47,26,6.82,scattered clouds,2022-05-20 20:57:08
130,Ulladulla,AU,-35.35,150.4667,55.18,79,88,6.44,overcast clouds,2022-05-20 20:57:08
131,Isagarh,IN,24.8333,77.8833,94.84,18,3,18.79,clear sky,2022-05-20 20:57:09
132,Tuatapere,NZ,-46.1333,167.6833,45.72,82,96,18.25,overcast clouds,2022-05-20 20:57:09
133,Seoul,KR,37.5683,126.9778,60.37,91,75,2.3,mist,2022-05-20 20:55:54
134,Tuktoyaktuk,CA,69.4541,-133.0374,41.0,65,100,4.61,overcast clouds,2022-05-20 20:57:10
135,Prince Rupert,CA,54.3161,-130.3201,50.09,85,0,5.75,clear sky,2022-05-20 20:56:17
136,Hamina,FI,60.5697,27.1979,43.88,66,10,10.22,clear sky,2022-05-20 20:57:10
137,Solwezi,ZM,-12.1688,26.3894,62.87,68,78,4.07,broken clouds,2022-05-20 20:57:11
138,Komsomolskiy,UZ,40.4272,71.7189,66.92,59,59,6.91,broken clouds,2022-05-20 20:57:11
139,Lere,NG,10.387,8.5726,81.09,49,85,4.99,overcast clouds,2022-05-20 20:58:12
140,Constitucion,CL,-35.3333,-72.4167,56.52,76,0,6.33,clear sky,2022-05-20 20:58:12
141,Ponta Delgada,PT,37.7333,-25.6667,63.32,77,20,12.66,few clouds,2022-05-20 20:56:07
142,Anshun,CN,26.25,105.9333,56.01,92,89,3.44,overcast clouds,2022-05-20 20:58:13
143,Torbay,CA,47.6666,-52.7314,52.57,54,75,10.36,broken clouds,2022-05-20 20:58:13
144,Ribeirao Branco,BR,-24.2208,-48.7656,49.57,80,0,1.77,clear sky,2022-05-20 20:58:14
145,Asfi,MA,32.2994,-9.2372,66.15,91,11,4.43,few clouds,2022-05-20 20:58:14
146,Luderitz,NA,-26.6481,15.1594,52.41,73,1,10.51,clear sky,2022-05-20 20:58:15
147,Dunkwa,GH,5.9656,-1.78,74.35,98,100,4.27,moderate rain,2022-05-20 20:58:15
148,Calvia,ES,39.5657,2.5062,74.95,36,100,6.67,overcast clouds,2022-05-20 20:58:16
149,Pisco,PE,-13.7,-76.2167,71.65,60,0,11.5,clear sky,2022-05-20 20:58:16
150,Barcelos,PT,41.5388,-8.6151,78.85,54,99,6.93,overcast clouds,2022-05-20 20:58:16
151,Pedernales,DO,18.0384,-71.744,88.25,51,12,12.35,few clouds,2022-05-20 20:58:17
152,Samarai,PG,-10.6167,150.6667,81.95,75,37,8.25,scattered clouds,2022-05-20 20:58:17
153,Ambovombe,MG,-25.1667,46.0833,68.54,63,50,5.75,scattered clouds,2022-05-20 20:58:18
154,Kavaratti,IN,10.5669,72.642,82.27,79,99,11.07,overcast clouds,2022-05-20 20:58:18
155,Salalah,OM,17.0151,54.0924,80.42,80,34,3.09,scattered clouds,2022-05-20 20:58:18
156,Santa Rosa,PH,14.3122,121.1114,77.11,93,98,1.12,overcast clouds,2022-05-20 20:56:48
157,Teguldet,RU,57.3064,88.1667,56.41,58,75,10.09,broken clouds,2022-05-20 20:58:19
158,Vardo,NO,70.3705,31.1107,37.38,75,75,23.02,broken clouds,2022-05-20 20:58:20
159,Bathsheba,BB,13.2167,-59.5167,84.81,70,40,19.57,scattered clouds,2022-05-20 20:58:20
160,Panguna,PG,-6.3164,155.4848,70.72,93,37,1.59,scattered clouds,2022-05-20 20:58:20
161,Mana,GF,5.6592,-53.7767,77.81,88,73,10.51,heavy intensity rain,2022-05-20 20:58:21
162,Walvis Bay,NA,-22.9575,14.5053,55.09,71,0,6.91,clear sky,2022-05-20 20:58:21
163,Qaanaaq,GL,77.484,-69.3632,17.46,81,16,2.82,few clouds,2022-05-20 20:58:22
164,Oksfjord,NO,70.2396,22.3479,45.0,89,51,8.03,broken clouds,2022-05-20 20:58:22
165,Cape Town,ZA,-33.9258,18.4232,56.91,81,75,3.44,broken clouds,2022-05-20 20:58:22
166,Zile,TR,40.3031,35.8864,43.43,81,0,2.44,clear sky,2022-05-20 20:58:23
167,Pozhva,RU,59.0912,56.0847,35.73,87,100,6.58,overcast clouds,2022-05-20 20:58:23
168,Gambela,ET,8.25,34.5833,77.13,68,78,2.64,broken clouds,2022-05-20 20:58:24
169,Dikson,RU,73.5069,80.5464,27.1,88,100,4.9,overcast clouds,2022-05-20 20:58:24
170,Namibe,AO,-15.1961,12.1522,67.82,68,17,8.43,few clouds,2022-05-20 20:58:24
171,Kodiak,US,57.79,-152.4072,45.86,84,100,14.14,overcast clouds,2022-05-20 20:58:25
172,Bloemhof,ZA,-27.6469,25.607,52.38,84,94,14.23,light rain,2022-05-20 20:58:25
173,Georgetown,MY,5.4112,100.3354,80.55,93,20,0.0,few clouds,2022-05-20 20:53:30
174,Tottori,JP,35.5,134.2333,63.48,66,100,5.41,light rain,2022-05-20 20:58:26
175,Tromso,NO,69.6496,18.957,46.42,57,75,5.75,broken clouds,2022-05-20 20:58:27
176,Hobart,AU,-42.8794,147.3294,40.86,92,20,8.05,few clouds,2022-05-20 20:58:27
177,Assiniboia,CA,49.6334,-105.9845,39.02,56,100,19.57,overcast clouds,2022-05-20 20:58:28
178,Cidreira,BR,-30.1811,-50.2056,57.67,74,0,5.84,clear sky,2022-05-20 20:58:28
179,Passo De Camaragibe,BR,-9.2368,-35.4901,76.55,94,78,6.91,broken clouds,2022-05-20 20:58:28
180,Thompson,CA,55.7435,-97.8558,37.56,65,100,12.66,overcast clouds,2022-05-20 20:58:29
181,Mezen,RU,65.8522,44.24,28.71,82,77,4.85,broken clouds,2022-05-20 20:58:29
182,Clyde River,CA,70.4692,-68.5914,25.03,80,100,10.36,overcast clouds,2022-05-20 20:58:30
183,Vila Velha,BR,-20.3297,-40.2925,73.35,60,0,12.66,clear sky,2022-05-20 20:57:16
184,Mount Isa,AU,-20.7333,139.5,64.17,68,40,5.75,scattered clouds,2022-05-20 20:58:30
185,Diapaga,BF,12.0708,1.7889,87.66,44,67,2.84,light rain,2022-05-20 20:58:31
186,Bluff,NZ,-46.6,168.3333,47.8,76,100,32.86,light rain,2022-05-20 20:59:31
187,Upernavik,GL,72.7868,-56.1549,29.95,80,72,11.7,broken clouds,2022-05-20 20:59:32
188,Caxito,AO,-8.5785,13.6643,68.52,96,1,1.52,clear sky,2022-05-20 20:59:32
189,Teya,RU,60.3778,92.6267,46.81,82,95,5.03,overcast clouds,2022-05-20 20:59:32
190,Tame,CO,6.461,-71.73,83.68,62,73,6.42,broken clouds,2022-05-20 20:59:33
191,Malinovka,BY,53.8579,27.4374,56.48,96,100,13.09,overcast clouds,2022-05-20 20:59:33
192,Russellville,US,35.2784,-93.1338,92.17,60,0,12.86,clear sky,2022-05-20 20:59:34
193,Waingapu,ID,-9.6567,120.2641,77.63,82,92,9.1,overcast clouds,2022-05-20 20:59:34
194,Melo,UY,-32.3667,-54.1833,51.6,80,13,6.64,few clouds,2022-05-20 20:59:35
195,Puerto Ayora,EC,-0.7393,-90.3518,80.56,90,53,10.0,broken clouds,2022-05-20 20:59:35
196,Mahibadhoo,MV,3.7833,72.9667,82.4,78,28,12.44,scattered clouds,2022-05-20 20:59:35
197,Butaritari,KI,3.0707,172.7902,81.54,71,14,17.81,few clouds,2022-05-20 20:59:36
198,Khandyga,RU,62.6667,135.6,42.53,69,42,3.2,scattered clouds,2022-05-20 20:59:36
199,Esna,EG,25.2934,32.554,89.62,14,0,11.56,clear sky,2022-05-20 20:59:37
200,Berdigestyakh,RU,62.0989,126.6992,40.17,76,2,4.03,clear sky,2022-05-20 20:59:37
201,Lengshuijiang,CN,27.6881,111.4294,62.08,96,99,1.21,overcast clouds,2022-05-20 20:59:38
202,Bonfim,BR,3.0833,-59.95,84.72,63,54,4.74,moderate rain,2022-05-20 20:59:38
203,Sept-Iles,CA,50.2001,-66.3821,54.05,68,40,16.11,scattered clouds,2022-05-20 20:59:38
204,Cairns,AU,-16.9167,145.7667,74.07,91,40,10.36,scattered clouds,2022-05-20 20:59:39
205,Bria,CF,6.5423,21.9863,69.91,95,94,3.8,light rain,2022-05-20 20:59:39
206,Kargopol,RU,61.5071,38.9456,33.37,79,100,3.24,overcast clouds,2022-05-20 20:59:40
207,Erenhot,CN,43.6475,111.9767,66.74,20,34,6.15,scattered clouds,2022-05-20 20:59:40
208,Pauini,BR,-7.7136,-66.9764,82.04,61,99,0.43,overcast clouds,2022-05-20 20:59:40
209,Ribeira Grande,PT,38.5167,-28.7,63.0,100,100,2.3,fog,2022-05-20 20:59:41
210,Esfarayen,IR,37.0765,57.5101,64.06,31,2,4.29,clear sky,2022-05-20 20:59:42
211,Chara,RU,56.9064,118.2631,43.09,83,77,2.84,broken clouds,2022-05-20 20:59:42
212,Narsaq,GL,60.9167,-46.05,43.75,68,20,5.61,few clouds,2022-05-20 20:59:43
213,Airai,TL,-8.9266,125.4092,57.43,90,35,4.07,scattered clouds,2022-05-20 20:59:43
214,Oliveira Dos Brejinhos,BR,-12.3169,-42.8961,75.99,32,64,3.78,broken clouds,2022-05-20 20:59:44
215,Araouane,ML,18.9048,-3.5265,92.08,9,25,7.78,scattered clouds,2022-05-20 20:59:44
216,Sorong,ID,-0.8833,131.25,77.52,87,78,6.64,broken clouds,2022-05-20 20:59:45
217,Harer,ET,9.3094,42.1258,68.11,47,100,6.76,overcast clouds,2022-05-20 20:59:45
218,Hayesville,US,44.986,-122.9829,60.87,52,30,5.01,scattered clouds,2022-05-20 20:59:46
219,Mar Del Plata,AR,-38.0023,-57.5575,59.95,65,0,11.5,clear sky,2022-05-20 20:59:21
220,Bentong,MY,3.5181,101.9079,74.43,96,82,1.23,broken clouds,2022-05-20 20:59:46
221,Nikolskoye,RU,59.7035,30.7861,44.49,75,97,5.46,overcast clouds,2022-05-20 20:59:47
222,Port Blair,IN,11.6667,92.75,83.07,79,100,18.45,overcast clouds,2022-05-20 20:59:47
223,Fomboni,KM,-12.28,43.7425,80.24,70,12,9.01,few clouds,2022-05-20 20:59:47
224,Tiksi,RU,71.6872,128.8694,31.32,84,100,6.98,overcast clouds,2022-05-20 20:59:48
225,Dodge City,US,37.7528,-100.0171,73.24,32,35,10.0,scattered clouds,2022-05-20 20:59:48
226,Mount Gambier,AU,-37.8333,140.7667,39.11,100,14,0.0,few clouds,2022-05-20 20:59:49
227,La Crosse,US,43.8014,-91.2396,61.36,88,100,6.8,overcast clouds,2022-05-20 20:55:31
228,Port Hardy,CA,50.6996,-127.4199,53.6,81,20,5.75,few clouds,2022-05-20 20:56:59
229,Tortoli,IT,39.9256,9.6572,65.86,63,1,4.76,clear sky,2022-05-20 20:59:49
230,Yar-Sale,RU,66.8333,70.8333,33.33,91,100,20.69,light snow,2022-05-20 20:59:50
231,Santa Marinella,IT,42.0345,11.8536,67.48,46,9,2.3,clear sky,2022-05-20 20:59:50
232,Norman Wells,CA,65.282,-126.8329,55.44,44,75,6.91,broken clouds,2022-05-20 20:59:51
233,Bhavani,IN,11.45,77.6833,78.35,78,67,8.68,broken clouds,2022-05-20 20:59:51
234,Buraydah,SA,26.326,43.975,91.85,9,0,9.78,clear sky,2022-05-20 21:00:52
235,San Juan,AR,-31.5375,-68.5364,67.5,21,1,16.04,clear sky,2022-05-20 20:58:08
236,Acapulco,MX,16.8634,-99.8901,86.36,51,86,14.58,overcast clouds,2022-05-20 20:56:57
237,Erzin,TR,36.9559,36.2,64.36,35,0,4.38,clear sky,2022-05-20 21:00:53
238,Channel-Port Aux Basques,CA,47.5702,-59.1367,51.21,55,3,11.74,clear sky,2022-05-20 21:00:53
239,Am Timan,TD,11.0297,20.2827,86.34,49,25,10.27,scattered clouds,2022-05-20 21:00:54
240,Opuwo,NA,-18.0607,13.84,55.67,29,0,4.41,clear sky,2022-05-20 21:00:54
241,Altay,CN,47.8667,88.1167,58.05,54,5,7.52,clear sky,2022-05-20 21:00:55
242,Coquimbo,CL,-29.9533,-71.3436,63.1,71,100,6.04,overcast clouds,2022-05-20 21:00:55
243,Lasa,IT,46.6166,10.7002,64.36,88,100,2.39,overcast clouds,2022-05-20 21:00:56
244,Nouadhibou,MR,20.931,-17.0347,66.09,87,42,25.61,scattered clouds,2022-05-20 21:00:56
245,Kahului,US,20.8947,-156.47,80.96,80,56,4.56,broken clouds,2022-05-20 20:59:49
246,Grieskirchen,AT,48.2333,13.8333,72.86,79,30,5.19,light rain,2022-05-20 21:00:57
247,Butembo,CD,0.15,29.2833,58.86,95,100,2.51,light rain,2022-05-20 21:00:57
248,Ilulissat,GL,69.2167,-51.1,36.9,72,100,3.76,overcast clouds,2022-05-20 20:57:58
249,Mnogovershinnyy,RU,53.9353,139.9242,38.73,75,52,4.12,broken clouds,2022-05-20 21:00:58
250,Thinadhoo,MV,0.5333,72.9333,83.3,73,73,9.66,broken clouds,2022-05-20 21:00:59
251,Bamiantong,CN,44.9333,130.5333,58.05,69,99,4.65,overcast clouds,2022-05-20 21:00:59
252,Waipawa,NZ,-41.4122,175.5153,46.36,70,0,12.41,clear sky,2022-05-20 21:00:59
253,Port Alberni,CA,49.2413,-124.8028,67.93,42,9,4.0,clear sky,2022-05-20 20:57:27
254,Acajutla,SV,13.5928,-89.8275,84.22,66,81,6.55,broken clouds,2022-05-20 21:01:00
255,Whitehorse,CA,60.7161,-135.0538,58.1,38,75,6.91,broken clouds,2022-05-20 20:57:57
256,Kloulklubed,PW,7.0419,134.2556,81.79,80,84,10.85,broken clouds,2022-05-20 21:01:01
257,Dudinka,RU,69.4058,86.1778,40.01,91,100,11.1,light rain,2022-05-20 21:01:01
258,Bethel,US,41.3712,-73.414,75.18,53,68,10.49,broken clouds,2022-05-20 21:01:02
259,Pabna,BD,24.0,89.25,81.45,84,1,9.57,clear sky,2022-05-20 21:01:03
260,Teguise,ES,29.0605,-13.564,64.62,77,20,11.5,few clouds,2022-05-20 21:01:03
261,Argostolion,GR,38.1811,20.489,64.89,62,58,5.28,broken clouds,2022-05-20 21:01:04
262,Novobirilyussy,RU,56.9514,90.6661,55.18,56,58,8.72,broken clouds,2022-05-20 21:01:04
263,Arraial Do Cabo,BR,-22.9661,-42.0278,69.13,74,15,16.44,few clouds,2022-05-20 21:01:05
264,Viking,CA,53.1001,-111.7684,44.82,39,100,15.99,overcast clouds,2022-05-20 21:01:06
265,Uyemskiy,RU,64.4743,40.8524,35.65,59,100,4.47,overcast clouds,2022-05-20 21:01:06
266,Davila,PH,18.4726,120.5763,79.21,85,100,13.73,moderate rain,2022-05-20 21:01:07
267,Ixtapa,MX,20.7,-105.2,90.88,36,1,8.72,clear sky,2022-05-20 21:01:07
268,Alyangula,AU,-13.8483,136.4192,78.98,73,0,12.66,clear sky,2022-05-20 21:01:08
269,Hackettstown,US,40.854,-74.8291,70.47,95,92,10.22,moderate rain,2022-05-20 21:01:09
270,Nemuro,JP,43.3236,145.575,47.59,91,1,6.51,clear sky,2022-05-20 20:58:33
271,Bendigo,AU,-36.7667,144.2833,45.86,59,95,1.99,overcast clouds,2022-05-20 21:01:09
272,Santa Cruz,BO,-17.8,-63.1667,77.05,33,6,13.8,clear sky,2022-05-20 20:57:38
273,Noumea,NC,-22.2763,166.4572,77.0,99,100,18.48,overcast clouds,2022-05-20 21:01:10
274,Vredendal,ZA,-31.6683,18.5012,53.47,80,0,12.93,clear sky,2022-05-20 21:01:11
275,Penzance,GB,50.1186,-5.5371,55.09,89,29,13.87,scattered clouds,2022-05-20 21:01:11
276,Grindavik,IS,63.8424,-22.4338,52.27,76,75,6.91,broken clouds,2022-05-20 21:01:12
277,Shimanovsk,RU,52.0,127.7,48.78,79,96,6.06,overcast clouds,2022-05-20 21:02:12
278,Sao Joao Da Barra,BR,-21.6403,-41.0511,69.15,67,37,11.05,scattered clouds,2022-05-20 21:02:13
279,Soyo,AO,-6.1349,12.3689,75.87,83,1,8.3,clear sky,2022-05-20 21:02:13
280,Gorin,RU,51.1983,136.6669,44.96,98,100,2.44,overcast clouds,2022-05-20 21:02:14
281,Talcahuano,CL,-36.7167,-73.1167,54.43,82,6,4.38,clear sky,2022-05-20 21:02:13
282,Karuri,KE,-0.7,37.1833,68.23,67,100,4.47,overcast clouds,2022-05-20 21:02:14
283,Tual,ID,-5.6667,132.75,83.52,69,15,17.94,few clouds,2022-05-20 21:02:15
284,Moranbah,AU,-22.0016,148.0466,61.3,92,100,22.08,overcast clouds,2022-05-20 21:02:15
285,Santa Maria,BR,-29.6842,-53.8069,53.49,79,0,3.36,clear sky,2022-05-20 21:02:16
286,Kotka,FI,60.4664,26.9458,43.86,66,11,12.01,few clouds,2022-05-20 21:02:16
287,Ulaanbaatar,MN,47.9077,106.8832,44.73,57,20,0.0,few clouds,2022-05-20 21:02:16
288,Esperance,AU,-33.8667,121.9,61.34,69,67,7.29,broken clouds,2022-05-20 21:02:17
289,Yara,CU,20.2753,-76.9533,91.54,50,99,5.19,overcast clouds,2022-05-20 21:02:17
290,Uyuni,BO,-20.4597,-66.825,47.21,20,84,10.6,broken clouds,2022-05-20 21:02:18
291,Ouadda,CF,8.0777,22.4007,70.09,93,100,2.93,overcast clouds,2022-05-20 21:02:18
292,Caravelas,BR,-17.7125,-39.2481,68.32,69,2,6.13,clear sky,2022-05-20 21:02:19
293,Ambon,ID,-3.6954,128.1814,75.34,94,40,2.3,scattered clouds,2022-05-20 21:02:19
294,Alugan,PH,12.2188,125.4808,79.93,82,100,7.81,overcast clouds,2022-05-20 21:02:20
295,Bang Lamung,TH,13.047,100.9289,83.57,78,100,13.69,overcast clouds,2022-05-20 21:02:20
296,Vilyuysk,RU,63.7553,121.6247,43.97,64,83,2.66,broken clouds,2022-05-20 21:02:21
297,Nianzishan,CN,47.5167,122.8833,55.8,47,1,6.33,clear sky,2022-05-20 21:02:21
298,La Palma,US,33.8464,-118.0467,71.87,74,75,11.5,broken clouds,2022-05-20 21:02:21
299,Borzya,RU,50.3833,116.5167,50.56,38,8,6.17,clear sky,2022-05-20 21:02:22
300,Ketchikan,US,55.3422,-131.6461,62.58,50,1,4.47,clear sky,2022-05-20 20:59:14
301,Denpasar,ID,-8.65,115.2167,80.26,88,40,1.14,scattered clouds,2022-05-20 21:00:08
302,Moratuwa,LK,6.773,79.8816,78.19,88,47,8.63,scattered clouds,2022-05-20 21:02:23
303,Talnakh,RU,69.4865,88.3972,40.23,83,100,8.43,overcast clouds,2022-05-20 21:02:23
304,Latung,PH,5.5,120.8833,82.4,77,100,4.81,light rain,2022-05-20 21:02:24
305,Touros,BR,-5.1989,-35.4608,79.18,81,81,7.61,broken clouds,2022-05-20 21:02:24
306,Los Llanos De Aridane,ES,28.6585,-17.9182,65.95,92,75,16.11,broken clouds,2022-05-20 21:02:25
307,Palmer,US,42.1584,-72.3287,77.38,56,19,8.99,few clouds,2022-05-20 21:02:25
308,Vostok,RU,46.4856,135.8833,53.01,69,57,4.59,broken clouds,2022-05-20 21:02:25
309,Topolobampo,MX,25.6,-109.05,81.1,48,0,13.06,clear sky,2022-05-20 21:02:26
310,Sumbe,AO,-11.2061,13.8437,72.28,86,2,5.61,clear sky,2022-05-20 21:02:27
311,Garowe,SO,8.4054,48.4845,86.49,43,71,23.06,broken clouds,2022-05-20 21:02:27
312,Kavieng,PG,-2.5744,150.7967,81.99,78,93,10.85,overcast clouds,2022-05-20 21:02:28
313,Poya,NC,-21.35,165.15,76.37,87,55,11.16,broken clouds,2022-05-20 21:02:28
314,Bonavista,CA,48.6499,-53.1147,43.36,73,100,5.68,overcast clouds,2022-05-20 21:02:29
315,Isangel,VU,-19.55,169.2667,78.69,84,88,21.39,overcast clouds,2022-05-20 21:02:29
316,Chapais,CA,49.7834,-74.8492,65.39,59,100,17.49,overcast clouds,2022-05-20 21:02:29
317,Tabuk,PH,17.4189,121.4443,73.4,90,99,2.53,overcast clouds,2022-05-20 21:02:30
318,Bandarbeyla,SO,9.4942,50.8122,80.42,85,100,21.54,overcast clouds,2022-05-20 21:02:30
319,La Trinidad,PH,16.455,120.5875,62.55,91,100,1.54,overcast clouds,2022-05-20 21:02:31
320,Marion,US,39.7684,-86.1555,88.48,49,58,19.57,broken clouds,2022-05-20 20:57:50
321,Lata,PT,40.1629,-8.3327,71.13,52,100,1.21,overcast clouds,2022-05-20 21:02:31
322,Langsa,ID,4.4683,97.9683,76.08,95,86,1.66,overcast clouds,2022-05-20 21:03:32
323,Sal Rei,CV,16.1833,-22.9167,71.2,85,84,19.19,broken clouds,2022-05-20 21:03:32
324,Sisimiut,GL,66.9395,-53.6735,38.95,54,100,6.08,overcast clouds,2022-05-20 21:03:33
325,Sorland,NO,67.667,12.6934,46.26,98,100,11.63,overcast clouds,2022-05-20 21:03:33
326,Tura,IN,25.5198,90.2201,71.67,97,92,1.79,moderate rain,2022-05-20 21:03:34
327,Mkushi,ZM,-13.6202,29.3939,66.52,60,100,3.0,overcast clouds,2022-05-20 21:03:34
328,Proletariy,RU,58.4342,31.7046,42.98,59,100,7.11,overcast clouds,2022-05-20 21:03:34
329,West Wendover,US,40.7391,-114.0733,53.55,21,69,11.39,broken clouds,2022-05-20 21:03:35
330,Caibarien,CU,22.5206,-79.4669,86.2,66,29,10.16,scattered clouds,2022-05-20 21:03:35
331,Eyl,SO,7.9803,49.8164,81.23,76,30,19.86,scattered clouds,2022-05-20 21:03:36
332,Bereda,ES,43.2686,-7.5406,59.58,96,95,5.01,overcast clouds,2022-05-20 21:03:36
333,Puerto Madero,MX,14.7208,-92.4215,86.2,70,75,9.22,broken clouds,2022-05-20 21:03:37
334,Machali,CL,-34.1833,-70.6667,58.28,62,64,4.29,broken clouds,2022-05-20 21:03:37
335,Kiama,AU,-34.6833,150.8667,61.0,92,94,3.0,overcast clouds,2022-05-20 21:03:38
336,Porto Murtinho,BR,-21.6989,-57.8825,66.6,46,0,2.91,clear sky,2022-05-20 21:03:38
337,Xudat,AZ,41.631,48.681,53.91,78,100,11.18,overcast clouds,2022-05-20 21:03:38
338,Partizanskoye,RU,55.5006,94.39,51.37,83,28,6.29,scattered clouds,2022-05-20 21:03:39
339,Shahreza,IR,32.0339,51.8794,70.92,20,2,0.22,clear sky,2022-05-20 21:03:39
340,Leningradskiy,RU,69.3833,178.4167,33.26,98,25,6.78,scattered clouds,2022-05-20 21:03:40
341,Hobyo,SO,5.3505,48.5268,79.56,85,87,26.93,overcast clouds,2022-05-20 21:03:40
342,Saint-Georges,GD,12.0564,-61.7485,80.91,73,1,14.03,clear sky,2022-05-20 21:03:40
343,Gilgit,PK,35.9221,74.3087,61.34,79,99,0.85,overcast clouds,2022-05-20 21:03:41
344,Batagay,RU,67.6333,134.6333,37.74,75,17,3.51,few clouds,2022-05-20 21:03:41
345,Oistins,BB,13.0667,-59.5333,79.84,74,25,15.75,scattered clouds,2022-05-20 21:03:42
346,Nanortalik,GL,60.1432,-45.2371,38.88,81,42,6.4,scattered clouds,2022-05-20 21:03:42
347,Port Augusta,AU,-32.5,137.7667,47.84,72,0,7.25,clear sky,2022-05-20 21:02:44
348,Mareeba,AU,-17.0,145.4333,69.44,91,13,2.55,few clouds,2022-05-20 21:03:43
349,San Andres,CO,12.5847,-81.7006,82.47,73,99,8.3,overcast clouds,2022-05-20 21:03:43
350,Geraldton,AU,-28.7667,114.6,54.01,94,40,10.36,scattered clouds,2022-05-20 21:02:42
351,Olinda,BR,-8.0089,-34.8553,78.53,94,75,9.22,broken clouds,2022-05-20 21:03:38
352,Adrar,MR,20.5022,-10.0711,91.49,7,87,7.27,overcast clouds,2022-05-20 21:02:19
353,Semey,KZ,50.4111,80.2275,62.47,40,8,7.09,clear sky,2022-05-20 21:03:44
354,Ambilobe,MG,-13.2,49.05,70.0,82,20,4.21,few clouds,2022-05-20 21:03:45
355,Lithakia,GR,37.7167,20.8333,56.57,62,3,7.54,clear sky,2022-05-20 21:03:45
356,Conceicao Do Araguaia,BR,-8.2578,-49.2647,72.79,67,40,2.84,scattered clouds,2022-05-20 21:01:42
357,Bubaque,GW,11.2833,-15.8333,79.25,80,7,19.8,clear sky,2022-05-20 21:03:46
358,Lumeje,AO,-11.55,20.7833,65.53,46,0,1.21,clear sky,2022-05-20 21:03:47
359,Blagoyevo,RU,63.3667,47.9167,30.04,79,21,7.56,few clouds,2022-05-20 21:03:47
360,San Buenaventura,MX,27.0833,-101.5333,106.48,6,0,16.53,clear sky,2022-05-20 21:00:19
361,Makhachkala,RU,42.9764,47.5024,60.78,60,100,24.47,overcast clouds,2022-05-20 21:00:21
362,Tiruvannamalai,IN,12.2167,79.0667,82.65,65,97,7.65,overcast clouds,2022-05-20 21:03:48
363,Shellbrook,CA,53.2168,-106.4011,41.94,54,100,14.97,overcast clouds,2022-05-20 21:03:48
364,Araguacu,BR,-12.9306,-49.8264,68.94,36,100,3.24,overcast clouds,2022-05-20 21:03:49
365,Bemidji,US,47.4736,-94.8803,47.97,70,100,21.85,overcast clouds,2022-05-20 20:59:31
366,Sumenep,ID,-7.0167,113.8667,79.56,82,98,5.95,moderate rain,2022-05-20 21:03:49
367,Belaya Gora,RU,68.5333,146.4167,47.1,65,7,11.81,clear sky,2022-05-20 21:03:50
368,Jinchang,CN,38.4953,102.1739,65.07,31,70,5.57,broken clouds,2022-05-20 21:03:50
369,Balsas,BR,-7.5325,-46.0356,77.56,55,29,5.28,scattered clouds,2022-05-20 21:00:38
370,Mincivan,AZ,39.0294,46.7185,55.38,72,100,5.75,light rain,2022-05-20 21:04:51
371,Aleksandrov Gay,RU,50.147,48.5704,46.09,84,81,12.1,broken clouds,2022-05-20 21:04:51
372,Xiangfan,CN,32.0422,112.1448,63.21,87,75,3.2,broken clouds,2022-05-20 21:04:52
373,Quatre Cocos,MU,-20.2078,57.7625,76.08,72,72,16.02,broken clouds,2022-05-20 21:04:52
374,Coihaique,CL,-45.5752,-72.0662,46.35,93,75,5.75,light intensity shower rain,2022-05-20 21:04:53
375,Celestun,MX,20.8667,-90.4,84.96,71,94,14.27,overcast clouds,2022-05-20 21:04:53
376,Krasnogorsk,RU,55.8225,37.3181,46.06,65,0,8.95,clear sky,2022-05-20 21:04:53
377,Pangai,TO,-19.8,-174.35,78.03,80,99,18.03,overcast clouds,2022-05-20 21:04:54
378,Honiton,GB,50.7996,-3.189,56.19,81,20,12.66,few clouds,2022-05-20 21:04:54
379,Amga,RU,60.8953,131.9608,39.9,97,100,3.49,light rain,2022-05-20 21:04:55
380,Roma,US,43.2128,-75.4557,81.37,51,20,7.0,few clouds,2022-05-20 21:01:13
381,Turgutlu,TR,38.4953,27.6997,57.34,55,0,1.21,clear sky,2022-05-20 21:04:56
382,Boa Vista,BR,2.8197,-60.6733,85.98,62,20,4.61,few clouds,2022-05-20 21:04:56
383,Vershino-Darasunskiy,RU,52.35,115.5167,42.87,50,10,3.11,clear sky,2022-05-20 21:04:57
384,Labuhan,ID,-6.8844,112.2051,76.91,90,100,7.18,light rain,2022-05-20 21:04:57
385,Poli,TZ,-3.3333,36.8,58.1,89,95,4.56,overcast clouds,2022-05-20 21:04:58
386,Goldap,PL,54.3063,22.3036,50.9,98,100,6.58,overcast clouds,2022-05-20 21:04:58
387,Honiara,SB,-9.4333,159.95,79.68,80,2,2.35,clear sky,2022-05-20 21:04:59
388,Severo-Kurilsk,RU,50.6789,156.125,43.36,89,100,9.08,overcast clouds,2022-05-20 21:04:59
389,Shenjiamen,CN,29.9576,122.298,63.0,95,100,7.02,overcast clouds,2022-05-20 21:04:59
390,Sande,DE,53.5049,8.0142,55.02,93,99,12.66,light rain,2022-05-20 21:05:00
391,Watrous,CA,51.6668,-105.4679,39.0,67,100,17.43,overcast clouds,2022-05-20 21:05:00
392,Santo Augusto,BR,-27.8508,-53.7772,51.55,75,0,3.87,clear sky,2022-05-20 21:05:01
393,Sioux Lookout,CA,50.1001,-91.917,35.67,93,100,8.05,light snow,2022-05-20 21:05:01
394,Sola,VU,-13.8833,167.55,81.86,76,17,10.87,few clouds,2022-05-20 21:05:02
395,High Level,CA,58.5169,-117.136,56.23,19,99,4.12,overcast clouds,2022-05-20 21:00:37
396,Pampa,US,35.5362,-100.9599,73.44,31,0,8.05,clear sky,2022-05-20 21:05:02
397,Aklavik,CA,68.2191,-135.0107,46.35,67,95,2.21,overcast clouds,2022-05-20 21:05:03
398,Oranjemund,NA,-28.55,16.4333,53.26,88,0,6.24,clear sky,2022-05-20 21:05:03
399,Necochea,AR,-38.5473,-58.7368,53.98,56,100,8.84,overcast clouds,2022-05-20 21:02:24
400,Kiunga,PG,-6.1219,141.2906,72.0,100,47,1.86,scattered clouds,2022-05-20 21:05:04
401,Alice Springs,AU,-23.7,133.8833,40.55,87,1,5.75,clear sky,2022-05-20 21:04:26
402,Gimli,CA,50.6336,-96.9907,38.44,64,100,19.6,overcast clouds,2022-05-20 21:00:04
403,Port Keats,AU,-14.25,129.55,72.99,56,5,8.19,clear sky,2022-05-20 21:05:04
404,Houston,US,29.7633,-95.3633,95.11,56,40,27.63,scattered clouds,2022-05-20 21:01:37
405,Yaan,NG,7.3833,8.5667,78.55,67,94,4.5,overcast clouds,2022-05-20 21:05:05
406,Puerto Del Rosario,ES,28.5004,-13.8627,69.55,68,20,14.97,few clouds,2022-05-20 21:05:06
407,Kalmunai,LK,7.4167,81.8167,80.92,75,69,4.76,broken clouds,2022-05-20 21:05:06
408,Manokwari,ID,-0.8667,134.0833,77.88,81,17,2.91,few clouds,2022-05-20 21:05:06
409,Sayat,TM,38.7839,63.8803,80.78,21,0,6.64,clear sky,2022-05-20 21:05:07
410,Birnin Kebbi,NG,12.4539,4.1975,92.93,29,33,5.35,scattered clouds,2022-05-20 21:05:07
411,Eureka,US,40.8021,-124.1637,74.75,64,12,11.01,few clouds,2022-05-20 21:04:39
412,Sheltozero,RU,61.3667,35.3667,35.6,73,50,3.56,scattered clouds,2022-05-20 21:05:08
413,Morro Bay,US,35.3658,-120.8499,81.48,72,30,5.01,scattered clouds,2022-05-20 21:05:08
414,Dawei,MM,14.0833,98.2,78.46,93,100,10.85,moderate rain,2022-05-20 21:05:09
415,Husavik,IS,66.0449,-17.3389,51.98,66,91,7.47,overcast clouds,2022-05-20 21:06:10
416,Homer,US,59.6425,-151.5483,57.78,57,0,5.75,clear sky,2022-05-20 21:06:10
417,Inirida,CO,3.8653,-67.9239,77.85,93,70,2.37,broken clouds,2022-05-20 21:06:10
418,Marawi,PH,7.9986,124.2928,69.31,95,100,2.46,overcast clouds,2022-05-20 21:06:11
419,Granadilla De Abona,ES,28.1188,-16.576,67.1,75,40,14.97,scattered clouds,2022-05-20 21:06:11
420,Mushie,CD,-3.0167,16.9,73.62,96,100,1.9,moderate rain,2022-05-20 21:06:12
421,Panaba,MX,21.2833,-88.2667,96.6,36,98,17.92,overcast clouds,2022-05-20 21:06:12
422,Kimbe,PG,-5.5502,150.1429,76.46,90,19,2.98,few clouds,2022-05-20 21:06:13
423,Nuuk,GL,64.1835,-51.7216,29.01,100,100,5.75,overcast clouds,2022-05-20 21:06:13
424,Dumas,US,35.8656,-101.9732,69.94,26,0,10.36,clear sky,2022-05-20 21:06:13
425,Maraba,BR,-5.3686,-49.1178,77.18,94,75,0.0,broken clouds,2022-05-20 21:06:14
426,Launceston,AU,-41.45,147.1667,41.14,93,75,4.61,broken clouds,2022-05-20 21:06:14
427,Mehran,IR,33.1222,46.1646,85.78,13,73,16.62,broken clouds,2022-05-20 21:06:15
428,Takahashi,JP,34.7833,133.6167,65.17,92,100,2.66,overcast clouds,2022-05-20 21:06:15
429,Hofn,IS,64.2539,-15.2082,47.68,94,100,10.2,overcast clouds,2022-05-20 21:06:16
430,Ancud,CL,-41.8697,-73.8203,52.23,89,97,18.75,light rain,2022-05-20 21:03:29
431,Poum,NC,-20.2333,164.0167,77.56,83,0,10.63,clear sky,2022-05-20 21:06:17
432,Duki,PK,30.1541,68.5728,79.99,10,0,14.14,clear sky,2022-05-20 21:06:17
433,Atar,MR,20.5169,-13.0499,91.06,18,95,7.87,overcast clouds,2022-05-20 21:06:17
434,Tecpan,GT,14.7623,-90.9947,65.89,80,99,4.56,overcast clouds,2022-05-20 21:06:18
435,Bitung,ID,1.4451,125.1824,76.05,83,51,8.66,broken clouds,2022-05-20 21:06:18
436,Provideniya,RU,64.3833,-173.3,47.32,56,19,10.49,few clouds,2022-05-20 21:06:19
437,Dubovyy Umet,RU,52.9763,50.2857,40.71,79,96,12.3,overcast clouds,2022-05-20 21:06:19
438,Miandrivazo,MG,-19.5167,45.4667,73.98,53,77,1.52,broken clouds,2022-05-20 21:06:19
439,Shakawe,BW,-18.3667,21.85,62.44,39,3,6.64,clear sky,2022-05-20 21:02:15
440,Omsukchan,RU,62.5333,155.8,33.44,96,100,5.82,overcast clouds,2022-05-20 21:06:20
441,Lorengau,PG,-2.0226,147.2712,81.66,79,92,10.09,overcast clouds,2022-05-20 21:06:20
442,Margate,GB,51.3813,1.3862,55.31,85,30,7.0,scattered clouds,2022-05-20 21:06:21
443,Nuevo Progreso,MX,23.1667,-97.95,94.53,56,5,8.99,clear sky,2022-05-20 21:06:21
444,Hamilton,US,39.1834,-84.5333,88.95,53,0,20.71,clear sky,2022-05-20 21:02:53
445,Pachora,IN,20.6667,75.35,86.67,39,74,10.74,broken clouds,2022-05-20 21:06:22
446,Ziro,IN,27.6333,93.8333,52.92,98,100,2.01,overcast clouds,2022-05-20 21:06:22
447,Alta Floresta,BR,-9.8756,-56.0861,70.68,70,96,1.77,overcast clouds,2022-05-20 21:06:23
448,Kushima,JP,31.4583,131.2333,61.43,97,100,6.51,light rain,2022-05-20 21:06:23
449,Mochudi,BW,-24.4167,26.15,53.01,61,95,10.94,overcast clouds,2022-05-20 21:06:24
450,Lyubech,UA,51.7026,30.6569,53.78,94,87,6.35,overcast clouds,2022-05-20 21:06:25
451,Bandar-E Lengeh,IR,26.5579,54.8807,85.71,55,0,4.61,clear sky,2022-05-20 21:06:25
452,Sitka,US,57.0531,-135.33,57.09,67,0,8.05,clear sky,2022-05-20 21:06:25
453,Kulhudhuffushi,MV,6.6221,73.07,83.35,77,35,16.06,scattered clouds,2022-05-20 21:06:26
454,Finschhafen,PG,-6.6024,147.8681,79.14,80,47,6.24,scattered clouds,2022-05-20 21:06:26
455,Esil,KZ,51.9556,66.4042,59.11,78,99,11.45,overcast clouds,2022-05-20 21:06:27
456,Lebyazhye,RU,55.2689,66.4947,46.98,71,100,6.76,overcast clouds,2022-05-20 21:06:27
457,Sand Springs,US,36.1398,-96.1089,85.23,64,40,5.75,scattered clouds,2022-05-20 21:06:28
458,Rio Grande,BR,-32.035,-52.0986,51.94,64,0,4.99,clear sky,2022-05-20 21:02:21
459,Copiapo,CL,-27.3667,-70.3333,60.49,29,4,4.14,clear sky,2022-05-20 21:06:04
460,Tucuman,AR,-26.8241,-65.2226,66.2,55,58,6.91,broken clouds,2022-05-20 21:07:29
461,Zhongshu,CN,24.5167,103.7667,56.14,96,100,3.0,overcast clouds,2022-05-20 21:07:29
462,Kerema,PG,-7.9631,145.7785,76.73,88,48,4.03,light rain,2022-05-20 21:07:29
463,Fairbanks,US,64.8378,-147.7164,71.02,32,0,3.44,clear sky,2022-05-20 21:07:22
464,Sakakah,SA,29.9697,40.2064,83.23,19,31,9.17,scattered clouds,2022-05-20 21:07:30
465,San Antero,CO,9.3741,-75.7589,83.93,75,90,5.88,overcast clouds,2022-05-20 21:04:18
466,Afsin,TR,38.2477,36.914,47.34,57,0,3.22,clear sky,2022-05-20 21:07:31
467,Sinnamary,GF,5.3833,-52.95,77.65,89,86,10.63,light rain,2022-05-20 21:07:31
468,Lensk,RU,60.7253,114.9278,41.13,95,34,2.46,scattered clouds,2022-05-20 21:07:32
469,Lages,BR,-27.8161,-50.3261,46.08,82,0,0.69,clear sky,2022-05-20 21:07:32
470,Borken,DE,51.85,6.8667,58.78,90,74,15.48,broken clouds,2022-05-20 21:07:32
471,Sabha,LY,27.0377,14.4283,75.65,31,0,17.52,clear sky,2022-05-20 21:07:33
472,Rangapara,IN,26.8167,92.65,68.77,95,8,5.59,clear sky,2022-05-20 21:07:33
473,Winnemucca,US,40.973,-117.7357,59.05,23,0,14.97,clear sky,2022-05-20 21:07:34
474,Coron,PH,11.9986,120.2043,78.04,88,94,2.48,overcast clouds,2022-05-20 21:07:34
475,Omboue,GA,-1.5746,9.2618,75.76,91,100,5.14,overcast clouds,2022-05-20 21:07:34
476,Paita,PE,-5.0892,-81.1144,70.39,74,33,17.43,scattered clouds,2022-05-20 21:07:35
477,Termiz,UZ,37.2242,67.2783,77.43,28,0,6.93,clear sky,2022-05-20 21:07:36
478,Ostrovnoy,RU,68.0531,39.5131,31.24,66,98,6.58,overcast clouds,2022-05-20 21:07:36
479,Bo Phloi,TH,14.3236,99.5161,81.32,89,100,5.3,overcast clouds,2022-05-20 21:07:37
480,Acarau,BR,-2.8856,-40.12,79.2,84,100,7.18,overcast clouds,2022-05-20 21:07:37
481,Urambo,TZ,-5.0667,32.05,65.5,63,100,3.33,overcast clouds,2022-05-20 21:07:37
482,Ocos,GT,14.5094,-92.1933,86.18,66,100,6.87,overcast clouds,2022-05-20 21:07:38
483,Bossangoa,CF,6.4926,17.4552,71.92,95,100,5.32,overcast clouds,2022-05-20 21:07:38
484,Lokosovo,RU,61.1333,74.8167,39.65,82,56,14.03,light rain,2022-05-20 21:07:39
485,Seymchan,RU,62.8833,152.4333,43.97,61,98,5.57,overcast clouds,2022-05-20 21:07:39
486,Chandbali,IN,20.7833,86.7667,83.43,77,54,11.68,broken clouds,2022-05-20 21:07:40
487,Bali,ID,-8.5,115.0,79.77,90,67,1.86,broken clouds,2022-05-20 21:07:40
488,Casalmaggiore,IT,44.9939,10.4189,76.14,55,15,8.41,few clouds,2022-05-20 21:07:41
489,Uthal,PK,25.8072,66.6219,82.71,83,32,4.27,scattered clouds,2022-05-20 21:07:41
490,Great Falls,US,47.5002,-111.3008,45.59,55,100,19.57,overcast clouds,2022-05-20 21:04:33
491,San Luis,AR,-33.295,-66.3356,61.11,32,3,4.23,clear sky,2022-05-20 21:07:42
492,Trairi,BR,-3.2778,-39.2689,77.77,87,96,5.19,overcast clouds,2022-05-20 21:03:39
493,Zhanaozen,KZ,43.3,52.8,57.18,68,100,17.98,overcast clouds,2022-05-20 21:07:43
494,Bet Shemesh,IL,31.7496,34.9888,77.58,25,85,6.22,overcast clouds,2022-05-20 21:07:43
495,Severo-Yeniseyskiy,RU,60.3725,93.0408,44.13,81,85,5.73,overcast clouds,2022-05-20 21:07:43
496,Marystown,CA,47.1666,-55.1483,50.45,64,93,3.91,overcast clouds,2022-05-20 21:07:44
497,Klaksvik,FO,62.2266,-6.589,49.12,97,100,16.51,overcast clouds,2022-05-20 21:07:44
498,Baihar,IN,22.1,80.55,87.87,39,4,9.73,clear sky,2022-05-20 21:07:45
499,Maues,BR,-3.3836,-57.7186,78.98,74,80,0.85,broken clouds,2022-05-20 21:07:45
500,Pasni,PK,25.2631,63.471,82.11,90,2,10.22,clear sky,2022-05-20 21:07:46
501,Muros,ES,42.7762,-9.0603,67.08,69,76,12.53,broken clouds,2022-05-20 21:07:46
502,Salta,AR,-24.7859,-65.4117,62.58,59,100,8.99,overcast clouds,2022-05-20 21:06:22
503,Buritizeiro,BR,-17.3511,-44.9622,62.69,40,0,3.33,clear sky,2022-05-20 21:08:47
504,Paamiut,GL,61.994,-49.6678,35.29,84,97,8.3,overcast clouds,2022-05-20 21:08:47
505,Maniitsoq,GL,65.4167,-52.9,36.86,61,100,0.22,overcast clouds,2022-05-20 21:08:48
506,Tadine,NC,-21.55,167.8833,74.79,91,100,23.73,overcast clouds,2022-05-20 21:08:48
507,Kanigoro,ID,-8.13,112.219,73.11,93,99,2.46,overcast clouds,2022-05-20 21:08:49
508,Rocha,UY,-34.4833,-54.3333,52.11,72,18,5.55,few clouds,2022-05-20 21:08:49
509,Baruun-Urt,MN,46.6806,113.2792,60.84,36,96,5.37,overcast clouds,2022-05-20 21:08:49
510,Fort-Shevchenko,KZ,44.5086,50.263,59.86,64,83,25.26,broken clouds,2022-05-20 21:08:50
511,Cervo,ES,43.6702,-7.4101,62.96,90,32,11.18,scattered clouds,2022-05-20 21:08:50
512,San Quintin,MX,30.4833,-115.95,66.94,66,18,12.73,few clouds,2022-05-20 21:08:51
513,Bandiagara,ML,14.3501,-3.6104,93.4,23,91,8.03,overcast clouds,2022-05-20 21:08:51
514,Manjacaze,MZ,-24.7117,33.8828,68.65,78,70,7.72,broken clouds,2022-05-20 21:08:52
515,Porto Nacional,BR,-10.7081,-48.4172,78.8,50,74,2.04,broken clouds,2022-05-20 21:08:52
516,Parksville,CA,49.3163,-124.3195,67.73,61,2,5.99,clear sky,2022-05-20 21:08:53
517,Onokhoy,RU,51.932,108.0747,47.95,58,34,3.44,scattered clouds,2022-05-20 21:08:53
518,Englewood,US,39.6478,-104.9878,38.93,92,100,9.22,snow,2022-05-20 21:08:14
519,Uaua,BR,-9.8414,-39.4817,71.49,82,99,7.87,overcast clouds,2022-05-20 21:08:54
520,Goderich,CA,43.7501,-81.7165,63.88,88,81,20.62,broken clouds,2022-05-20 21:08:54
521,Soria,ES,41.6667,-2.6667,69.12,55,92,3.87,overcast clouds,2022-05-20 21:08:54
522,Kharp,RU,66.8014,65.8081,35.38,69,100,13.02,overcast clouds,2022-05-20 21:08:55
523,Liwale,TZ,-9.7667,37.9333,65.64,92,98,1.79,overcast clouds,2022-05-20 21:08:55
524,Flinders,AU,-34.5833,150.8552,56.17,92,96,3.0,overcast clouds,2022-05-20 21:08:56
525,Roebourne,AU,-20.7833,117.1333,75.38,73,64,4.94,broken clouds,2022-05-20 21:08:56
526,Loksa,EE,59.5764,25.7214,42.82,87,43,10.83,scattered clouds,2022-05-20 21:08:57
527,Balykshi,KZ,47.0667,51.8667,50.0,93,75,15.66,mist,2022-05-20 21:08:57
528,Taoudenni,ML,22.6783,-3.9836,100.27,7,100,9.71,overcast clouds,2022-05-20 21:08:57
529,Hoshcha,UA,50.6003,26.6744,60.01,94,48,11.56,scattered clouds,2022-05-20 21:08:58
530,Lewistown,US,40.5992,-77.5714,76.95,94,75,0.0,broken clouds,2022-05-20 21:07:54
531,Gat,IL,31.61,34.7642,79.39,35,98,8.01,overcast clouds,2022-05-20 21:08:59
532,Aykhal,RU,66.0,111.5,35.51,92,99,1.19,overcast clouds,2022-05-20 21:08:59
533,Yarada,IN,17.65,83.2667,86.32,74,40,11.5,scattered clouds,2022-05-20 21:09:00
534,Kedrovyy,RU,56.1667,91.8167,39.61,57,41,5.77,scattered clouds,2022-05-20 21:09:00
535,Poronaysk,RU,49.2167,143.1167,37.42,93,99,9.8,overcast clouds,2022-05-20 21:09:01
536,Tautira,PF,-17.7333,-149.15,79.45,72,12,8.61,light rain,2022-05-20 21:09:01
537,Hokitika,NZ,-42.7167,170.9667,45.82,87,98,3.15,overcast clouds,2022-05-20 21:09:02
538,Sistranda,NO,63.7256,8.834,55.36,86,100,15.26,overcast clouds,2022-05-20 21:09:02
539,Saint-Francois,FR,46.4154,3.9054,72.84,73,75,10.36,broken clouds,2022-05-20 21:09:03
540,Northam,GB,51.0333,-4.2167,54.61,89,6,15.14,clear sky,2022-05-20 21:06:26
541,Tomatlan,MX,19.9333,-105.25,88.75,41,0,12.46,clear sky,2022-05-20 21:09:03
542,Trinidad,BO,-14.8333,-64.9,73.06,45,89,2.21,overcast clouds,2022-05-20 21:09:04
543,Sovetskaya Gavan,RU,48.9723,140.2878,40.19,94,100,4.38,overcast clouds,2022-05-20 21:09:04
544,Brigantine,US,39.4101,-74.3646,75.2,89,100,16.11,overcast clouds,2022-05-20 21:09:05
545,Goba,ET,7.0167,39.9833,49.87,87,98,5.06,overcast clouds,2022-05-20 21:09:05
546,Saint Anthony,US,45.0205,-93.218,65.93,50,0,17.27,clear sky,2022-05-20 21:09:06
547,Juneau,US,58.3019,-134.4197,62.6,100,0,10.36,clear sky,2022-05-20 21:09:06
548,Williams Lake,CA,52.1415,-122.1445,57.45,25,91,11.41,overcast clouds,2022-05-20 21:10:07
549,Ferme-Neuve,CA,46.7001,-75.4493,76.03,58,100,14.23,overcast clouds,2022-05-20 21:10:08
550,Bodden Town,KY,19.2833,-81.25,84.99,72,100,11.99,overcast clouds,2022-05-20 21:10:08
551,Ballinrobe,IE,53.6333,-9.2333,53.74,83,2,8.72,clear sky,2022-05-20 21:10:08
552,Urucara,BR,-2.5364,-57.76,78.06,80,96,0.47,overcast clouds,2022-05-20 21:10:09
553,Rancho Palos Verdes,US,33.7445,-118.387,69.46,79,98,11.01,overcast clouds,2022-05-20 21:10:09
554,Mitsamiouli,KM,-11.3847,43.2844,79.54,70,13,5.55,few clouds,2022-05-20 21:10:10
555,Merano,IT,46.6682,11.1595,74.55,89,100,3.27,light rain,2022-05-20 21:10:10
556,San Vicente,AR,-26.6167,-54.1333,50.36,70,0,1.79,clear sky,2022-05-20 21:10:10
557,Miraflores,MX,19.2167,-98.8083,83.16,28,71,5.57,broken clouds,2022-05-20 21:10:11
558,Gazimurskiy Zavod,RU,51.5461,118.3266,45.23,53,35,3.06,scattered clouds,2022-05-20 21:10:11
559,Abu Samrah,SY,35.3029,37.1841,67.96,23,0,9.66,clear sky,2022-05-20 21:10:12
560,Charters Towers,AU,-20.1,146.2667,64.6,84,64,14.03,broken clouds,2022-05-20 21:10:12
561,Babu,CN,24.4167,111.5167,68.52,92,96,3.51,overcast clouds,2022-05-20 21:10:13
562,Kurtamysh,RU,54.9103,64.4319,46.27,81,100,6.69,light rain,2022-05-20 21:10:13
563,Pacific Grove,US,36.6177,-121.9166,75.02,63,0,11.01,clear sky,2022-05-20 21:06:32
564,Nara,JP,34.6851,135.8049,66.49,53,100,0.6,moderate rain,2022-05-20 21:10:14
565,Takoradi,GH,4.8845,-1.7554,79.29,84,100,11.56,moderate rain,2022-05-20 21:10:14
566,Jiangyou,CN,31.7667,104.7167,65.55,87,100,2.37,overcast clouds,2022-05-20 21:10:15
567,Saquena,PE,-4.6667,-73.5167,79.36,63,63,0.74,broken clouds,2022-05-20 21:10:15
568,Llangefni,GB,53.2556,-4.3106,54.73,87,40,13.8,scattered clouds,2022-05-20 21:10:16
569,Trapani,IT,37.8333,12.6667,65.28,79,5,4.63,clear sky,2022-05-20 21:10:16
570,Deputatskiy,RU,69.3,139.9,29.46,98,100,1.16,light snow,2022-05-20 21:10:17
571,Muskogee,US,35.5834,-95.3336,91.47,64,75,16.11,broken clouds,2022-05-20 21:10:17
572,Lamar,US,33.6668,-95.5836,92.64,62,75,19.57,broken clouds,2022-05-20 21:10:18
573,Henties Bay,NA,-22.116,14.2845,56.59,80,0,18.92,clear sky,2022-05-20 21:10:18
574,Kirando,TZ,-7.4167,30.6,72.5,63,57,6.2,broken clouds,2022-05-20 21:10:18
575,Mayahi,NE,13.9553,7.6712,91.76,20,74,9.1,broken clouds,2022-05-20 21:10:19
576,Takaka,NZ,-40.85,172.8,55.56,74,75,10.69,broken clouds,2022-05-20 21:10:19
577,Guadalupe,MX,25.6833,-100.25,109.96,8,0,11.5,clear sky,2022-05-20 21:10:20
578,Mabini,PH,15.6,120.9833,75.22,93,100,2.71,overcast clouds,2022-05-20 21:10:20
579,Weyburn,CA,49.6668,-103.8511,40.3,62,100,19.35,overcast clouds,2022-05-20 21:08:26
580,Te Anau,NZ,-45.4167,167.7167,42.49,88,100,5.06,overcast clouds,2022-05-20 21:10:21
581,Arman,RU,59.7,150.1667,37.02,99,100,7.83,moderate rain,2022-05-20 21:10:21
582,Birin,NP,26.8865,88.0718,58.62,86,88,4.65,overcast clouds,2022-05-20 21:10:22
583,Peniche,PT,39.3558,-9.3811,73.08,82,100,8.9,overcast clouds,2022-05-20 21:10:22
584,Byron Bay,AU,-28.65,153.6167,60.71,82,100,13.96,moderate rain,2022-05-20 21:10:23
585,Hoa Binh,VN,20.8133,105.3383,74.95,98,100,3.06,overcast clouds,2022-05-20 21:10:23
586,Dalby,AU,-27.1833,151.2667,56.98,96,100,14.99,light rain,2022-05-20 21:10:23
587,Nizhnevartovsk,RU,60.9344,76.5531,44.62,93,0,11.01,clear sky,2022-05-20 21:10:24
588,Dharchula,IN,29.85,80.5333,68.02,49,9,8.05,clear sky,2022-05-20 21:10:24
589,Antalaha,MG,-14.9003,50.2788,71.26,89,25,8.66,light rain,2022-05-20 21:10:25
590,Aktash,RU,50.3,87.7333,38.97,85,13,1.05,few clouds,2022-05-20 21:10:25
591,Portland,US,45.5234,-122.6762,59.99,62,75,5.75,broken clouds,2022-05-20 21:08:28
592,Kinablangan,PH,7.6947,126.5503,77.63,80,92,3.0,overcast clouds,2022-05-20 21:10:26
593,Ossora,RU,59.2353,163.0719,35.91,99,100,2.62,overcast clouds,2022-05-20 21:10:26
594,Presidente Medici,BR,-11.1753,-61.9014,72.52,69,73,0.78,broken clouds,2022-05-20 21:11:27
595,Vila Franca Do Campo,PT,37.7167,-25.4333,63.01,81,93,5.06,overcast clouds,2022-05-20 21:11:27
596,Manacor,ES,39.5696,3.2096,74.39,80,45,3.09,scattered clouds,2022-05-20 21:11:28
597,Macusani,PE,-14.0833,-70.4333,44.64,58,71,9.04,broken clouds,2022-05-20 21:11:28
598,Kaiyuan,CN,23.6977,103.3037,62.83,95,100,3.22,overcast clouds,2022-05-20 21:11:29
599,Conde,BR,-7.2597,-34.9075,81.86,83,40,8.05,scattered clouds,2022-05-20 21:11:29
600,Vaitape,PF,-16.5167,-151.75,80.28,73,19,11.7,few clouds,2022-05-20 21:11:29
601,Nador,MA,35.174,-2.9287,70.05,88,100,4.61,overcast clouds,2022-05-20 21:11:30
602,Lima Duarte,BR,-21.8425,-43.7931,57.49,92,1,2.55,clear sky,2022-05-20 21:11:30
603,Kudahuvadhoo,MV,2.6708,72.8944,83.28,76,23,12.17,few clouds,2022-05-20 21:11:31
604,Huanren,CN,41.2647,125.3667,51.49,97,25,4.63,scattered clouds,2022-05-20 21:11:31
605,Eregli,TR,37.5133,34.0467,52.97,44,0,2.64,clear sky,2022-05-20 21:11:31
606,Nagorsk,RU,59.3172,50.8078,34.45,99,100,5.41,light snow,2022-05-20 21:11:32
607,Okha,RU,53.5739,142.9478,35.69,82,74,10.4,broken clouds,2022-05-20 21:11:32
608,Bokovskaya,RU,49.229,41.8306,46.29,71,100,5.26,overcast clouds,2022-05-20 21:11:33
609,Itoman,JP,26.1247,127.6694,75.22,88,75,12.66,broken clouds,2022-05-20 21:11:33
610,Australind,AU,-33.2667,115.7167,55.53,87,3,7.11,clear sky,2022-05-20 21:11:34
611,Karpinsk,RU,59.7654,60.0085,34.02,81,26,7.43,scattered clouds,2022-05-20 21:11:34
612,Rawah,IQ,34.4816,41.9093,73.45,22,58,18.34,broken clouds,2022-05-20 21:11:34
613,Xianyang,CN,34.3378,108.7026,68.52,50,100,2.39,overcast clouds,2022-05-20 21:11:35
614,Tamandare,BR,-8.7597,-35.1047,77.25,85,83,3.65,broken clouds,2022-05-20 21:11:35
615,Uspenka,UA,48.3903,39.1619,52.39,82,99,2.39,overcast clouds,2022-05-20 21:11:36
616,Venice,US,27.0998,-82.4543,88.99,78,0,9.22,clear sky,2022-05-20 21:10:47
617,Hare Bay,CA,48.8499,-54.0148,60.19,43,66,6.71,broken clouds,2022-05-20 21:11:36
618,Mayskiy,RU,47.6931,40.1025,54.81,81,100,3.96,overcast clouds,2022-05-20 21:11:37
619,Knysna,ZA,-34.0363,23.0471,55.65,83,66,5.37,broken clouds,2022-05-20 21:11:37
620,Lingao,CN,19.9103,109.6859,75.6,89,99,6.42,overcast clouds,2022-05-20 21:11:38
621,Bosaso,SO,11.2842,49.1816,86.22,44,22,4.54,few clouds,2022-05-20 21:11:38
622,Moron,AR,-34.6534,-58.6198,62.06,67,14,3.53,few clouds,2022-05-20 21:11:38
623,Ust-Tsilma,RU,65.441,52.1498,30.36,83,100,8.41,overcast clouds,2022-05-20 21:11:39
624,Andenes,NO,69.3143,16.1194,46.38,87,75,3.44,broken clouds,2022-05-20 21:11:39
625,Guiren,CN,33.6697,118.1889,62.91,59,0,1.16,clear sky,2022-05-20 21:11:40
626,Qom,IR,34.6401,50.8764,81.9,15,100,9.4,overcast clouds,2022-05-20 21:11:40
627,Begichevskiy,RU,53.7961,38.255,41.72,64,100,4.09,overcast clouds,2022-05-20 21:11:41
628,Buseresere,TZ,-3.0236,31.8747,65.66,69,100,2.39,overcast clouds,2022-05-20 21:09:16
629,Mantua,IT,45.1667,10.7833,76.24,62,39,5.01,scattered clouds,2022-05-20 21:11:42
630,Shuya,RU,56.8487,41.3883,34.02,83,5,5.39,clear sky,2022-05-20 21:11:42
631,Chabahar,IR,25.2919,60.643,85.06,70,0,6.78,clear sky,2022-05-20 21:11:42
632,Balgazyn,RU,51.0,95.2,51.93,88,100,1.86,overcast clouds,2022-05-20 21:11:43
633,Hovd,MN,48.0056,91.6419,56.46,51,4,2.95,clear sky,2022-05-20 21:11:43
634,Kaeo,NZ,-35.1,173.7833,56.32,86,71,7.74,broken clouds,2022-05-20 21:11:44
635,Lubao,PH,14.9167,120.55,77.05,87,100,1.16,overcast clouds,2022-05-20 21:11:44
636,Tessalit,ML,20.1986,1.0114,93.11,12,76,6.42,broken clouds,2022-05-20 21:11:45
637,Mikhaylovka,RU,50.06,43.2379,45.7,75,32,6.6,scattered clouds,2022-05-20 21:11:45
638,Empalme,MX,27.9667,-110.8167,87.35,57,0,23.02,clear sky,2022-05-20 21:11:46
639,Nieuw Amsterdam,SR,5.8833,-55.0833,82.56,81,75,4.61,broken clouds,2022-05-20 21:11:47
640,Ornskoldsvik,SE,63.2909,18.7153,41.95,75,98,3.44,overcast clouds,2022-05-20 21:11:47
641,Gizo,SB,-8.103,156.8419,82.35,74,7,6.24,light rain,2022-05-20 21:11:48
642,Blacksburg,US,37.2296,-80.4139,91.8,43,0,6.91,clear sky,2022-05-20 21:12:48
643,Guiratinga,BR,-16.3494,-53.7583,64.9,41,2,2.48,clear sky,2022-05-20 21:12:49
644,Bowen,AU,-20.0167,148.2333,70.99,81,98,11.5,overcast clouds,2022-05-20 21:12:49
645,Treinta Y Tres,UY,-33.2333,-54.3833,52.34,77,27,6.55,scattered clouds,2022-05-20 21:12:49
646,Mbandaka,CD,0.0487,18.2603,70.93,96,100,3.27,overcast clouds,2022-05-20 21:12:50
647,Isilkul,RU,54.9109,71.2728,48.72,63,100,6.33,light rain,2022-05-20 21:12:50
648,Smithers,CA,54.7804,-127.1743,59.94,35,65,3.83,broken clouds,2022-05-20 21:11:13
649,Auch,FR,43.65,0.5833,69.46,77,98,1.99,overcast clouds,2022-05-20 21:12:51
650,Broome,US,42.2506,-75.833,77.77,60,100,14.97,overcast clouds,2022-05-20 21:12:52
651,Alappuzha,IN,9.49,76.3264,79.27,84,62,5.32,broken clouds,2022-05-20 21:12:52
652,Nurota,UZ,40.5614,65.6886,69.94,29,0,2.19,clear sky,2022-05-20 21:12:52
653,Buttelborn,DE,49.9033,8.5233,68.13,68,40,14.97,scattered clouds,2022-05-20 21:12:53
654,Berlevag,NO,70.8578,29.0864,37.35,70,75,10.36,broken clouds,2022-05-20 21:12:53
655,Port Lincoln,AU,-34.7333,135.8667,56.39,66,0,12.46,clear sky,2022-05-20 21:12:54
656,Nortelandia,BR,-14.4547,-56.8028,68.49,41,8,3.29,clear sky,2022-05-20 21:12:54
657,Marzuq,YE,14.4,46.4667,76.39,32,21,4.0,few clouds,2022-05-20 21:12:55
658,Parana,AR,-31.732,-60.5238,66.54,63,0,7.23,clear sky,2022-05-20 21:12:55
659,Anadyr,RU,64.75,177.4833,35.58,91,100,4.12,overcast clouds,2022-05-20 21:12:56
660,Agadez,NE,19.75,10.25,85.48,19,5,10.16,clear sky,2022-05-20 21:12:56
661,Petropavlovsk-Kamchatskiy,RU,53.0452,158.6483,37.99,100,100,4.47,light intensity shower rain,2022-05-20 21:12:56
662,Turukhansk,RU,65.8167,87.9833,47.8,86,96,12.86,light rain,2022-05-20 21:12:57
663,Opportunity,US,47.6499,-117.2399,60.44,53,75,9.22,broken clouds,2022-05-20 21:12:57
664,Gurun,MY,5.8172,100.4738,78.01,88,82,1.12,broken clouds,2022-05-20 21:12:58
665,Stutterheim,ZA,-32.5708,27.424,49.21,98,100,6.26,moderate rain,2022-05-20 21:12:58
666,Richards Bay,ZA,-28.783,32.0377,68.14,87,74,9.37,light rain,2022-05-20 21:12:59
667,Kalaikunda,IN,22.35,87.25,86.05,68,61,12.84,broken clouds,2022-05-20 21:12:59
668,Ca Mau,VN,9.1769,105.15,79.52,86,95,3.98,overcast clouds,2022-05-20 21:13:00
669,Tongchuan,CN,35.0806,109.0897,63.25,52,100,4.94,overcast clouds,2022-05-20 21:13:00
670,San Lorenzo,PY,-25.3333,-57.5333,57.45,70,0,4.59,clear sky,2022-05-20 21:13:00
671,Tateyama,JP,34.9833,139.8667,67.08,80,100,8.16,light rain,2022-05-20 21:13:01
672,Rio Gallegos,AR,-51.6226,-69.2181,41.05,93,75,3.44,broken clouds,2022-05-20 21:11:33
673,Punta Alta,AR,-38.8759,-62.0736,56.73,48,100,10.04,overcast clouds,2022-05-20 21:13:01
674,Faya,SA,18.3851,42.4509,70.32,15,0,8.08,clear sky,2022-05-20 21:13:02
675,Itarema,BR,-2.9248,-39.9167,78.48,85,100,6.67,overcast clouds,2022-05-20 21:13:02
676,Nadbai,IN,27.2333,77.2,95.29,16,22,2.46,few clouds,2022-05-20 21:13:03
677,Ulaangom,MN,49.9811,92.0667,53.8,57,14,2.95,few clouds,2022-05-20 21:13:03
678,Sadao,TH,6.6388,100.4234,78.62,96,92,2.48,overcast clouds,2022-05-20 21:13:04
679,Neryungri,RU,56.6709,124.6491,36.82,99,100,4.94,light rain,2022-05-20 21:13:04
680,Caninde De Sao Francisco,BR,-9.66,-37.7894,74.73,83,100,8.68,overcast clouds,2022-05-20 21:13:05
681,Asau,RO,46.4333,26.4,67.12,72,77,7.31,broken clouds,2022-05-20 21:13:05
682,Banda Aceh,ID,5.5577,95.3222,80.38,80,100,10.29,overcast clouds,2022-05-20 21:13:06
683,Pavlovskiy,RU,57.8424,54.8436,33.76,95,19,7.38,few clouds,2022-05-20 21:13:06
684,La Tuque,CA,47.4334,-72.7824,65.44,63,100,13.2,overcast clouds,2022-05-20 21:13:07
685,Padang,ID,-0.9492,100.3543,76.95,87,34,3.06,scattered clouds,2022-05-20 21:13:07
686,Quimperle,FR,47.8667,-3.55,58.98,82,0,9.22,clear sky,2022-05-20 21:14:07
687,Shieli,KZ,44.1667,66.75,73.18,26,42,6.15,scattered clouds,2022-05-20 21:14:08
